,power
0,132.0
1,135.0
2,134.0
3,134.0
4,134.0
5,134.0
6,135.0
7,134.0
8,133.0
9,134.0
10,134.0
11,134.0
12,135.0
13,133.0
14,135.0
15,135.0
16,135.0
17,136.0
18,134.0
19,134.0
20,135.0
21,134.0
22,135.0
23,135.0
24,135.0
25,136.0
26,136.0
27,136.0
28,138.0
29,137.0
30,137.0
31,137.0
32,138.0
33,138.0
34,138.0
35,138.0
36,138.0
37,137.0
38,139.0
39,139.0
40,139.0
41,139.0
42,139.0
43,139.0
44,139.0
45,138.0
46,139.0
47,139.0
48,139.0
49,139.0
50,139.0
51,139.0
52,139.0
53,139.0
54,139.0
55,139.0
56,139.0
57,138.0
58,139.0
59,139.0
60,138.0
61,139.0
62,139.0
63,139.0
64,139.0
65,138.0
66,139.0
67,139.0
68,139.0
69,139.0
70,139.0
71,139.0
72,139.0
73,138.0
74,139.0
75,139.0
76,139.0
77,139.0
78,139.0
79,138.0
80,139.0
81,139.0
82,139.0
83,139.0
84,138.0
85,139.0
86,139.0
87,139.0
88,139.0
89,139.0
90,139.0
91,139.0
92,139.0
93,138.0
94,138.0
95,139.0
96,139.0
97,139.0
98,139.0
99,139.0
100,139.0
101,139.0
102,139.0
103,139.0
104,139.0
105,139.0
106,139.0
107,134.0
108,131.0
109,132.0
110,131.0
111,131.0
112,131.0
113,131.0
114,131.0
115,132.0
116,131.0
117,132.0
118,132.0
119,131.0
120,131.0
121,132.0
122,132.0
123,132.0
124,131.0
125,132.0
126,131.0
127,131.0
128,131.0
129,131.0
130,131.0
131,132.0
132,132.0
133,132.0
134,132.0
135,132.0
136,131.0
137,132.0
138,132.0
139,132.0
140,132.0
141,131.0
142,132.0
143,132.0
144,132.0
145,132.0
146,132.0
147,132.0
148,132.0
149,132.0
150,132.0
151,132.0
152,133.0
153,133.0
154,133.0
155,136.0
156,137.0
157,138.0
158,138.0
159,139.0
160,139.0
161,139.0
162,140.0
163,140.0
164,141.0
165,141.0
166,140.0
167,141.0
168,141.0
169,140.0
170,141.0
171,141.0
172,141.0
173,141.0
174,140.0
175,140.0
176,139.0
177,140.0
178,140.0
179,139.0
180,139.0
181,139.0
182,140.0
183,140.0
184,139.0
185,140.0
186,140.0
187,139.0
188,139.0
189,139.0
190,139.0
191,140.0
192,139.0
193,139.0
194,139.0
195,140.0
196,139.0
197,139.0
198,140.0
199,139.0
200,139.0
201,139.0
202,139.0
203,139.0
204,139.0
205,138.0
206,139.0
207,139.0
208,139.0
209,139.0
210,139.0
211,139.0
212,139.0
213,139.0
214,140.0
215,139.0
216,139.0
217,139.0
218,139.0
219,139.0
220,139.0
221,139.0
222,139.0
223,139.0
224,138.0
225,139.0
226,139.0
227,139.0
228,139.0
229,139.0
230,139.0
231,139.0
232,139.0
233,139.0
234,140.0
235,139.0
236,139.0
237,139.0
238,139.0
239,139.0
240,139.0
241,139.0
242,139.0
243,139.0
244,139.0
245,138.0
246,139.0
247,139.0
248,138.0
249,137.0
250,138.0
251,138.0
252,138.0
253,138.0
254,137.0
255,137.0
256,133.0
257,132.0
258,131.0
259,131.0
260,132.0
261,132.0
262,132.0
263,132.0
264,132.0
265,132.0
266,132.0
267,133.0
268,132.0
269,132.0
270,133.0
271,131.0
272,131.0
273,131.0
274,131.0
275,131.0
276,131.0
277,132.0
278,132.0
279,131.0
280,131.0
281,131.0
282,131.0
283,132.0
284,132.0
285,132.0
286,131.0
287,132.0
288,132.0
289,132.0
290,131.0
291,131.0
292,131.0
293,131.0
294,132.0
295,132.0
296,132.0
297,132.0
298,132.0
299,132.0
300,132.0
301,132.0
302,132.0
303,132.0
304,132.0
305,132.0
306,132.0
307,132.0
308,132.0
309,132.0
310,132.0
311,134.0
312,134.0
313,134.0
314,134.0
315,135.0
316,134.0
317,134.0
318,134.0
319,134.0
320,135.0
321,134.0
322,134.0
323,134.0
324,133.0
325,134.0
326,134.0
327,133.0
328,134.0
329,134.0
330,133.0
331,132.0
332,132.0
333,132.0
334,132.0
335,132.0
336,131.0
337,133.0
338,132.0
339,132.0
340,132.0
341,132.0
342,132.0
343,132.0
344,132.0
345,132.0
346,132.0
347,132.0
348,132.0
349,131.0
350,132.0
351,132.0
352,132.0
353,132.0
354,131.0
355,131.0
356,131.0
357,131.0
358,132.0
359,131.0
360,131.0
361,131.0
362,132.0
363,132.0
364,131.0
365,131.0
366,131.0
367,132.0
368,132.0
369,132.0
370,132.0
371,131.0
372,131.0
373,132.0
374,131.0
375,132.0
376,132.0
377,132.0
378,132.0
379,131.0
380,132.0
381,131.0
382,132.0
383,132.0
384,131.0
385,131.0
386,131.0
387,132.0
388,131.0
389,131.0
390,132.0
391,131.0
392,131.0
393,132.0
394,131.0
395,132.0
396,132.0
397,131.0
398,131.0
399,131.0
400,132.0
401,132.0
402,132.0
403,132.0
404,132.0
405,131.0
406,132.0
407,131.0
408,132.0
409,132.0
410,131.0
411,132.0
412,132.0
413,131.0
414,131.0
415,132.0
416,132.0
417,131.0
418,132.0
419,132.0
420,132.0
421,132.0
422,132.0
423,132.0
424,131.0
425,131.0
426,132.0
427,131.0
428,131.0
429,131.0
430,132.0
431,131.0
432,131.0
433,131.0
434,132.0
435,132.0
436,131.0
437,132.0
438,132.0
439,131.0
440,132.0
441,131.0
442,131.0
443,131.0
444,132.0
445,132.0
446,131.0
447,131.0
448,132.0
449,132.0
450,131.0
451,131.0
452,131.0
453,132.0
454,132.0
455,131.0
456,131.0
457,132.0
458,131.0
459,132.0
460,132.0
461,132.0
462,132.0
463,131.0
464,132.0
465,132.0
466,132.0
467,135.0
468,135.0
469,134.0
470,134.0
471,134.0
472,134.0
473,134.0
474,134.0
475,134.0
476,134.0
477,134.0
478,134.0
479,134.0
480,134.0
481,133.0
482,134.0
483,134.0
484,134.0
485,133.0
486,131.0
487,132.0
488,132.0
489,132.0
490,132.0
491,132.0
492,132.0
493,132.0
494,131.0
495,132.0
496,132.0
497,132.0
498,132.0
499,132.0
500,131.0
501,132.0
502,131.0
503,131.0
504,131.0
505,132.0
506,132.0
507,131.0
508,131.0
509,131.0
510,132.0
511,131.0
512,131.0
513,131.0
514,131.0
515,131.0
516,132.0
517,131.0
518,131.0
519,132.0
520,131.0
521,131.0
522,131.0
523,132.0
524,131.0
525,131.0
526,131.0
527,131.0
528,132.0
529,131.0
530,131.0
531,132.0
532,131.0
533,131.0
534,131.0
535,131.0
536,132.0
537,131.0
538,132.0
539,131.0
540,131.0
541,131.0
542,131.0
543,131.0
544,131.0
545,131.0
546,131.0
547,132.0
548,131.0
549,132.0
550,131.0
551,131.0
552,131.0
553,131.0
554,131.0
555,132.0
556,132.0
557,131.0
558,131.0
559,132.0
560,132.0
561,132.0
562,132.0
563,132.0
564,132.0
565,132.0
566,131.0
567,132.0
568,131.0
569,132.0
570,131.0
571,131.0
572,131.0
573,132.0
574,132.0
575,132.0
576,132.0
577,131.0
578,132.0
579,132.0
580,132.0
581,132.0
582,132.0
583,131.0
584,131.0
585,132.0
586,132.0
587,131.0
588,131.0
589,132.0
590,131.0
591,131.0
592,131.0
593,131.0
594,131.0
595,131.0
596,132.0
597,131.0
598,132.0
599,132.0
600,132.0
601,132.0
602,133.0
603,132.0
604,133.0
605,132.0
606,132.0
607,133.0
608,133.0
609,133.0
610,133.0
611,133.0
612,133.0
613,133.0
614,133.0
615,134.0
616,133.0
617,134.0
618,134.0
619,133.0
620,134.0
621,134.0
622,133.0
623,136.0
624,136.0
625,137.0
626,136.0
627,137.0
628,136.0
629,137.0
630,137.0
631,136.0
632,137.0
633,137.0
634,136.0
635,137.0
636,136.0
637,136.0
638,137.0
639,136.0
640,136.0
641,136.0
642,135.0
643,134.0
644,135.0
645,135.0
646,135.0
647,135.0
648,135.0
649,134.0
650,134.0
651,135.0
652,134.0
653,134.0
654,135.0
655,134.0
656,134.0
657,134.0
658,135.0
659,135.0
660,134.0
661,135.0
662,136.0
663,135.0
664,135.0
665,134.0
666,135.0
667,135.0
668,135.0
669,134.0
670,135.0
671,134.0
672,134.0
673,134.0
674,134.0
675,134.0
676,133.0
677,133.0
678,133.0
679,133.0
680,133.0
681,132.0
682,133.0
683,133.0
684,132.0
685,133.0
686,133.0
687,133.0
688,134.0
689,132.0
690,133.0
691,133.0
692,133.0
693,134.0
694,134.0
695,134.0
696,133.0
697,132.0
698,133.0
699,133.0
700,133.0
701,132.0
702,131.0
703,132.0
704,131.0
705,131.0
706,129.0
707,130.0
708,130.0
709,130.0
710,131.0
711,130.0
712,130.0
713,131.0
714,131.0
715,130.0
716,131.0
717,130.0
718,131.0
719,131.0
720,131.0
721,
722,
723,
724,
725,
726,
727,
728,
729,
730,
731,
732,
733,
734,
735,
736,
737,
738,
739,
740,
741,
742,
743,
744,
745,
746,
747,
748,
749,
750,
751,
752,
753,
754,
755,
756,
757,
758,
759,
760,
761,
762,
763,
764,
765,
766,
767,
768,
769,
770,
771,
772,
773,
774,
775,
776,
777,
778,
779,
780,
781,
782,
783,
784,
785,
786,
787,
788,
789,
790,
791,
792,
793,
794,
795,
796,
797,
798,
799,
800,
801,
802,
803,
804,
805,
806,
807,
808,
809,
810,
811,
812,
813,
814,
815,
816,
817,
818,
819,
820,
821,
822,
823,
824,
825,
826,
827,
828,
829,
830,
831,
832,
833,
834,
835,
836,
837,
838,
839,
840,
841,
842,
843,
844,
845,
846,
847,
848,
849,
850,
851,
852,
853,
854,
855,
856,
857,
858,
859,
860,
861,
862,
863,
864,
865,
866,
867,
868,
869,
870,
871,
872,
873,
874,
875,
876,
877,
878,
879,
880,
881,
882,
883,
884,
885,
886,
887,
888,
889,
890,
891,
892,
893,
894,
895,
896,
897,
898,
899,
900,
901,
902,
903,
904,
905,
906,
907,
908,
909,
910,
911,
912,
913,
914,
915,
916,
917,
918,
919,
920,
921,
922,
923,
924,
925,
926,
927,
928,
929,
930,
931,
932,
933,
934,
935,
936,
937,
938,
939,
940,
941,
942,
943,
944,
945,
946,
947,
948,
949,
950,
951,
952,
953,
954,
955,
956,
957,
958,
959,
960,
961,
962,
963,
964,
965,
966,
967,
968,
969,
970,
971,
972,
973,
974,
975,
976,
977,
978,
979,
980,
981,
982,
983,
984,
985,
986,
987,
988,
989,
990,
991,
992,
993,
994,
995,
996,
997,
998,
999,
1000,
1001,
1002,
1003,
1004,
1005,
1006,
1007,
1008,
1009,
1010,
1011,
1012,
1013,
1014,
1015,
1016,
1017,
1018,
1019,
1020,
1021,
1022,
1023,
1024,
1025,
1026,
1027,
1028,
1029,
1030,
1031,
1032,
1033,
1034,
1035,
1036,
1037,
1038,
1039,
1040,
1041,
1042,
1043,
1044,
1045,
1046,
1047,
1048,
1049,
1050,
1051,
1052,
1053,
1054,
1055,
1056,
1057,
1058,
1059,
1060,
1061,
1062,
1063,
1064,
1065,
1066,
1067,
1068,
1069,
1070,
1071,
1072,
1073,
1074,
1075,
1076,
1077,
1078,
1079,
1080,
1081,
1082,
1083,
1084,
1085,
1086,
1087,
1088,
1089,
1090,
1091,
1092,
1093,
1094,
1095,
1096,
1097,
1098,
1099,
1100,
1101,
1102,
1103,
1104,
1105,
1106,
1107,
1108,
1109,
1110,
1111,
1112,
1113,
1114,
1115,
1116,
1117,
1118,
1119,
1120,
1121,
1122,
1123,
1124,
1125,
1126,
1127,
1128,
1129,
1130,
1131,
1132,
1133,
1134,
1135,
1136,
1137,
1138,
1139,
1140,
1141,
1142,
1143,
1144,
1145,
1146,
1147,
1148,
1149,
1150,
1151,
1152,
1153,
1154,
1155,
1156,
1157,
1158,
1159,
1160,
1161,
1162,
1163,
1164,
1165,
1166,
1167,
1168,
1169,
1170,
1171,
1172,
1173,
1174,
1175,
1176,
1177,
1178,
1179,
1180,
1181,
1182,
1183,
1184,
1185,
1186,
1187,
1188,
1189,
1190,
1191,
1192,
1193,
1194,
1195,
1196,
1197,
1198,
1199,
1200,
1201,
1202,
1203,
1204,
1205,
1206,
1207,
1208,
1209,
1210,
1211,
1212,
1213,
1214,
1215,
1216,
1217,
1218,
1219,
1220,
1221,
1222,
1223,
1224,
1225,
1226,
1227,
1228,
1229,
1230,
1231,
1232,
1233,
1234,
1235,
1236,
1237,
1238,
1239,
1240,
1241,
1242,
1243,
1244,
1245,
1246,
1247,
1248,
1249,
1250,
1251,
1252,
1253,
1254,
1255,
1256,
1257,
1258,
1259,
1260,
1261,
1262,
1263,
1264,
1265,
1266,
1267,
1268,
1269,
1270,
1271,
1272,
1273,
1274,
1275,
1276,
1277,
1278,
1279,
1280,
1281,
1282,
1283,
1284,
1285,
1286,
1287,
1288,
1289,
1290,
1291,
1292,
1293,
1294,
1295,
1296,
1297,
1298,
1299,
1300,
1301,
1302,
1303,
1304,
1305,
1306,
1307,
1308,
1309,
1310,
1311,
1312,
1313,
1314,
1315,
1316,
1317,
1318,
1319,
1320,
1321,
1322,
1323,
1324,
1325,
1326,
1327,
1328,
1329,
1330,
1331,
1332,
1333,
1334,
1335,
1336,
1337,
1338,
1339,
1340,
1341,
1342,
1343,
1344,
1345,
1346,
1347,
1348,
1349,
1350,
1351,
1352,
1353,
1354,
1355,
1356,
1357,
1358,
1359,
1360,
1361,
1362,
1363,
1364,
1365,
1366,
1367,
1368,
1369,
1370,
1371,
1372,
1373,
1374,
1375,
1376,
1377,
1378,
1379,
1380,
1381,
1382,
1383,
1384,
1385,
1386,
1387,
1388,
1389,
1390,
1391,
1392,
1393,
1394,
1395,
1396,
1397,
1398,
1399,
1400,
1401,
1402,
1403,
1404,
1405,
1406,
1407,
1408,
1409,
1410,
1411,
1412,
1413,
1414,
1415,
1416,
1417,
1418,
1419,
1420,
1421,
1422,
1423,
1424,
1425,
1426,
1427,
1428,
1429,
1430,
1431,
1432,
1433,
1434,
1435,
1436,
1437,
1438,
1439,
1440,
1441,
1442,
1443,
1444,
1445,
1446,
1447,
1448,
1449,
1450,
1451,
1452,
1453,
1454,
1455,
1456,
1457,
1458,
1459,
1460,
1461,
1462,
1463,
1464,
1465,
1466,
1467,
1468,
1469,
1470,
1471,
1472,
1473,
1474,
1475,
1476,
1477,
1478,
1479,
1480,
1481,
1482,
1483,
1484,
1485,
1486,
1487,
1488,
1489,
1490,
1491,
1492,
1493,
1494,
1495,
1496,
1497,
1498,
1499,
1500,
1501,
1502,
1503,
1504,
1505,
1506,
1507,
1508,
1509,
1510,
1511,
1512,
1513,
1514,
1515,
1516,
1517,
1518,
1519,
1520,
1521,
1522,
1523,
1524,
1525,
1526,
1527,
1528,
1529,
1530,
1531,
1532,
1533,
1534,
1535,
1536,
1537,
1538,
1539,
1540,
1541,
1542,
1543,
1544,
1545,
1546,
1547,
1548,
1549,
1550,
1551,
1552,
1553,
1554,
1555,
1556,
1557,
1558,
1559,
1560,
1561,
1562,
1563,
1564,
1565,
1566,
1567,
1568,
1569,
1570,
1571,
1572,
1573,
1574,
1575,
1576,
1577,
1578,
1579,
1580,
1581,
1582,
1583,
1584,
1585,
1586,
1587,
1588,
1589,
1590,
1591,
1592,
1593,
1594,
1595,
1596,
1597,
1598,
1599,
1600,
1601,
1602,
1603,
1604,
1605,
1606,
1607,
1608,
1609,
1610,
1611,
1612,
1613,
1614,
1615,
1616,
1617,
1618,
1619,
1620,
1621,
1622,
1623,
1624,
1625,
1626,
1627,
1628,
1629,
1630,
1631,
1632,
1633,
1634,
1635,
1636,
1637,
1638,
1639,
1640,
1641,
1642,
1643,
1644,
1645,
1646,
1647,
1648,
1649,
1650,
1651,
1652,
1653,
1654,
1655,
1656,
1657,
1658,
1659,
1660,
1661,
1662,
1663,
1664,
1665,
1666,
1667,
1668,
1669,
1670,
1671,
1672,
1673,
1674,
1675,
1676,
1677,
1678,
1679,
1680,
1681,
1682,
1683,
1684,
1685,
1686,
1687,
1688,
1689,
1690,
1691,
1692,
1693,
1694,
1695,
1696,
1697,
1698,
1699,
1700,
1701,
1702,
1703,
1704,
1705,
1706,
1707,
1708,
1709,
1710,
1711,
1712,
1713,
1714,
1715,
1716,
1717,
1718,
1719,
1720,
1721,
1722,
1723,
1724,
1725,
1726,
1727,
1728,
1729,
1730,
1731,
1732,
1733,
1734,
1735,
1736,
1737,
1738,
1739,
1740,
1741,
1742,
1743,
1744,
1745,
1746,
1747,
1748,
1749,
1750,
1751,
1752,
1753,
1754,
1755,
1756,
1757,
1758,
1759,
1760,
1761,
1762,
1763,
1764,
1765,
1766,
1767,
1768,
1769,
1770,
1771,
1772,
1773,
1774,
1775,
1776,
1777,
1778,
1779,
1780,
1781,
1782,
1783,
1784,
1785,
1786,
1787,
1788,
1789,
1790,
1791,
1792,
1793,
1794,
1795,
1796,
1797,
1798,
1799,
1800,
1801,
1802,
1803,
1804,
1805,
1806,
1807,
1808,
1809,
1810,
1811,
1812,
1813,
1814,
1815,
1816,
1817,
1818,
1819,
1820,
1821,
1822,
1823,
1824,
1825,
1826,
1827,
1828,
1829,
1830,
1831,
1832,
1833,
1834,
1835,
1836,
1837,
1838,
1839,
1840,
1841,
1842,
1843,
1844,
1845,
1846,
1847,
1848,
1849,
1850,
1851,
1852,
1853,
1854,
1855,
1856,
1857,
1858,
1859,
1860,
1861,
1862,
1863,132.0
1864,134.0
1865,133.0
1866,132.0
1867,134.0
1868,133.0
1869,133.0
1870,132.0
1871,133.0
1872,134.0
1873,133.0
1874,132.0
1875,133.0
1876,132.0
1877,133.0
1878,133.0
1879,132.0
1880,133.0
1881,131.0
1882,131.0
1883,131.0
1884,131.0
1885,131.0
1886,131.0
1887,131.0
1888,131.0
1889,131.0
1890,131.0
1891,132.0
1892,131.0
1893,131.0
1894,131.0
1895,131.0
1896,131.0
1897,131.0
1898,131.0
1899,131.0
1900,131.0
1901,130.0
1902,131.0
1903,131.0
1904,131.0
1905,131.0
1906,131.0
1907,131.0
1908,131.0
1909,131.0
1910,130.0
1911,131.0
1912,131.0
1913,131.0
1914,131.0
1915,131.0
1916,131.0
1917,131.0
1918,131.0
1919,131.0
1920,130.0
1921,131.0
1922,131.0
1923,131.0
1924,131.0
1925,130.0
1926,130.0
1927,131.0
1928,130.0
1929,130.0
1930,130.0
1931,130.0
1932,130.0
1933,130.0
1934,130.0
1935,131.0
1936,130.0
1937,130.0
1938,130.0
1939,131.0
1940,130.0
1941,130.0
1942,131.0
1943,130.0
1944,131.0
1945,130.0
1946,130.0
1947,130.0
1948,130.0
1949,130.0
1950,130.0
1951,131.0
1952,130.0
1953,130.0
1954,130.0
1955,131.0
1956,131.0
1957,130.0
1958,130.0
1959,131.0
1960,131.0
1961,131.0
1962,131.0
1963,131.0
1964,131.0
1965,130.0
1966,131.0
1967,130.0
1968,131.0
1969,131.0
1970,131.0
1971,131.0
1972,130.0
1973,131.0
1974,131.0
1975,130.0
1976,131.0
1977,131.0
1978,131.0
1979,131.0
1980,131.0
1981,134.0
1982,137.0
1983,136.0
1984,136.0
1985,137.0
1986,136.0
1987,136.0
1988,136.0
1989,136.0
1990,136.0
1991,136.0
1992,136.0
1993,136.0
1994,136.0
1995,136.0
1996,136.0
1997,136.0
1998,136.0
1999,137.0
2000,136.0
2001,136.0
2002,137.0
2003,136.0
2004,137.0
2005,136.0
2006,136.0
2007,136.0
2008,136.0
2009,137.0
2010,137.0
2011,136.0
2012,136.0
2013,136.0
2014,137.0
2015,136.0
2016,136.0
2017,137.0
2018,138.0
2019,139.0
2020,139.0
2021,138.0
2022,140.0
2023,138.0
2024,138.0
2025,139.0
2026,138.0
2027,138.0
2028,139.0
2029,138.0
2030,138.0
2031,138.0
2032,137.0
2033,139.0
2034,138.0
2035,138.0
2036,138.0
2037,137.0
2038,137.0
2039,136.0
2040,136.0
2041,137.0
2042,136.0
2043,137.0
2044,136.0
2045,137.0
2046,137.0
2047,137.0
2048,137.0
2049,137.0
2050,136.0
2051,137.0
2052,137.0
2053,137.0
2054,137.0
2055,137.0
2056,137.0
2057,137.0
2058,137.0
2059,137.0
2060,136.0
2061,136.0
2062,136.0
2063,136.0
2064,136.0
2065,136.0
2066,136.0
2067,136.0
2068,136.0
2069,136.0
2070,136.0
2071,136.0
2072,136.0
2073,136.0
2074,136.0
2075,137.0
2076,136.0
2077,136.0
2078,136.0
2079,135.0
2080,136.0
2081,136.0
2082,136.0
2083,136.0
2084,136.0
2085,136.0
2086,136.0
2087,135.0
2088,136.0
2089,136.0
2090,136.0
2091,136.0
2092,136.0
2093,136.0
2094,136.0
2095,136.0
2096,136.0
2097,135.0
2098,136.0
2099,136.0
2100,136.0
2101,136.0
2102,137.0
2103,136.0
2104,136.0
2105,136.0
2106,136.0
2107,137.0
2108,137.0
2109,136.0
2110,137.0
2111,137.0
2112,137.0
2113,137.0
2114,137.0
2115,144.0
2116,137.0
2117,137.0
2118,137.0
2119,137.0
2120,137.0
2121,137.0
2122,137.0
2123,137.0
2124,137.0
2125,137.0
2126,137.0
2127,137.0
2128,137.0
2129,137.0
2130,137.0
2131,137.0
2132,137.0
2133,137.0
2134,137.0
2135,137.0
2136,137.0
2137,137.0
2138,137.0
2139,138.0
2140,138.0
2141,137.0
2142,136.0
2143,137.0
2144,137.0
2145,137.0
2146,137.0
2147,137.0
2148,137.0
2149,137.0
2150,137.0
2151,137.0
2152,138.0
2153,137.0
2154,136.0
2155,137.0
2156,137.0
2157,137.0
2158,137.0
2159,137.0
2160,137.0
2161,137.0
2162,136.0
2163,136.0
2164,137.0
2165,137.0
2166,137.0
2167,137.0
2168,137.0
2169,137.0
2170,136.0
2171,137.0
2172,137.0
2173,137.0
2174,138.0
2175,140.0
2176,139.0
2177,138.0
2178,139.0
2179,139.0
2180,139.0
2181,139.0
2182,138.0
2183,139.0
2184,139.0
2185,138.0
2186,139.0
2187,138.0
2188,139.0
2189,139.0
2190,138.0
2191,138.0
2192,138.0
2193,137.0
2194,137.0
2195,137.0
2196,137.0
2197,137.0
2198,137.0
2199,137.0
2200,137.0
2201,137.0
2202,137.0
2203,137.0
2204,137.0
2205,137.0
2206,137.0
2207,136.0
2208,137.0
2209,137.0
2210,137.0
2211,137.0
2212,137.0
2213,137.0
2214,137.0
2215,136.0
2216,136.0
2217,136.0
2218,136.0
2219,136.0
2220,136.0
2221,136.0
2222,137.0
2223,137.0
2224,136.0
2225,136.0
2226,136.0
2227,137.0
2228,136.0
2229,136.0
2230,136.0
2231,137.0
2232,137.0
2233,135.0
2234,136.0
2235,137.0
2236,136.0
2237,136.0
2238,136.0
2239,137.0
2240,137.0
2241,137.0
2242,136.0
2243,136.0
2244,136.0
2245,137.0
2246,136.0
2247,137.0
2248,136.0
2249,136.0
2250,136.0
2251,136.0
2252,137.0
2253,137.0
2254,136.0
2255,137.0
2256,137.0
2257,137.0
2258,137.0
2259,137.0
2260,137.0
2261,137.0
2262,137.0
2263,136.0
2264,136.0
2265,137.0
2266,136.0
2267,137.0
2268,137.0
2269,137.0
2270,137.0
2271,136.0
2272,137.0
2273,137.0
2274,137.0
2275,137.0
2276,137.0
2277,137.0
2278,137.0
2279,136.0
2280,137.0
2281,137.0
2282,137.0
2283,137.0
2284,137.0
2285,137.0
2286,137.0
2287,137.0
2288,136.0
2289,136.0
2290,137.0
2291,137.0
2292,137.0
2293,137.0
2294,137.0
2295,137.0
2296,137.0
2297,137.0
2298,137.0
2299,137.0
2300,137.0
2301,137.0
2302,137.0
2303,137.0
2304,137.0
2305,137.0
2306,137.0
2307,137.0
2308,137.0
2309,137.0
2310,137.0
2311,137.0
2312,137.0
2313,137.0
2314,136.0
2315,137.0
2316,136.0
2317,136.0
2318,137.0
2319,136.0
2320,137.0
2321,136.0
2322,137.0
2323,137.0
2324,137.0
2325,137.0
2326,136.0
2327,137.0
2328,137.0
2329,137.0
2330,138.0
2331,139.0
2332,139.0
2333,139.0
2334,139.0
2335,139.0
2336,139.0
2337,140.0
2338,138.0
2339,139.0
2340,138.0
2341,139.0
2342,139.0
2343,138.0
2344,138.0
2345,139.0
2346,138.0
2347,138.0
2348,138.0
2349,137.0
2350,136.0
2351,137.0
2352,136.0
2353,137.0
2354,136.0
2355,136.0
2356,136.0
2357,136.0
2358,136.0
2359,136.0
2360,137.0
2361,137.0
2362,137.0
2363,137.0
2364,136.0
2365,136.0
2366,137.0
2367,136.0
2368,136.0
2369,136.0
2370,136.0
2371,137.0
2372,136.0
2373,137.0
2374,136.0
2375,136.0
2376,136.0
2377,136.0
2378,136.0
2379,136.0
2380,136.0
2381,137.0
2382,136.0
2383,135.0
2384,136.0
2385,136.0
2386,136.0
2387,136.0
2388,136.0
2389,136.0
2390,136.0
2391,136.0
2392,136.0
2393,136.0
2394,136.0
2395,136.0
2396,136.0
2397,136.0
2398,137.0
2399,136.0
2400,136.0
2401,137.0
2402,136.0
2403,136.0
2404,136.0
2405,137.0
2406,136.0
2407,136.0
2408,136.0
2409,136.0
2410,136.0
2411,136.0
2412,136.0
2413,136.0
2414,137.0
2415,137.0
2416,136.0
2417,136.0
2418,136.0
2419,136.0
2420,136.0
2421,136.0
2422,136.0
2423,136.0
2424,136.0
2425,136.0
2426,137.0
2427,136.0
2428,137.0
2429,136.0
2430,136.0
2431,136.0
2432,137.0
2433,137.0
2434,137.0
2435,137.0
2436,137.0
2437,136.0
2438,137.0
2439,136.0
2440,136.0
2441,137.0
2442,137.0
2443,137.0
2444,137.0
2445,136.0
2446,137.0
2447,137.0
2448,136.0
2449,136.0
2450,136.0
2451,137.0
2452,136.0
2453,136.0
2454,136.0
2455,137.0
2456,136.0
2457,136.0
2458,137.0
2459,137.0
2460,136.0
2461,136.0
2462,136.0
2463,136.0
2464,136.0
2465,136.0
2466,137.0
2467,136.0
2468,136.0
2469,136.0
2470,136.0
2471,136.0
2472,137.0
2473,137.0
2474,136.0
2475,136.0
2476,136.0
2477,136.0
2478,136.0
2479,136.0
2480,136.0
2481,136.0
2482,136.0
2483,136.0
2484,136.0
2485,137.0
2486,139.0
2487,139.0
2488,138.0
2489,139.0
2490,139.0
2491,138.0
2492,138.0
2493,138.0
2494,138.0
2495,139.0
2496,138.0
2497,138.0
2498,138.0
2499,138.0
2500,138.0
2501,138.0
2502,137.0
2503,138.0
2504,137.0
2505,136.0
2506,137.0
2507,136.0
2508,136.0
2509,136.0
2510,136.0
2511,136.0
2512,136.0
2513,136.0
2514,136.0
2515,136.0
2516,136.0
2517,136.0
2518,137.0
2519,136.0
2520,136.0
2521,136.0
2522,137.0
2523,136.0
2524,137.0
2525,137.0
2526,137.0
2527,136.0
2528,136.0
2529,137.0
2530,136.0
2531,136.0
2532,136.0
2533,136.0
2534,137.0
2535,136.0
2536,137.0
2537,136.0
2538,136.0
2539,136.0
2540,136.0
2541,136.0
2542,137.0
2543,136.0
2544,136.0
2545,136.0
2546,136.0
2547,136.0
2548,136.0
2549,136.0
2550,136.0
2551,136.0
2552,137.0
2553,136.0
2554,136.0
2555,136.0
2556,136.0
2557,136.0
2558,136.0
2559,136.0
2560,136.0
2561,136.0
2562,136.0
2563,136.0
2564,136.0
2565,136.0
2566,137.0
2567,136.0
2568,137.0
2569,136.0
2570,136.0
2571,137.0
2572,137.0
2573,136.0
2574,136.0
2575,136.0
2576,136.0
2577,137.0
2578,136.0
2579,136.0
2580,136.0
2581,137.0
2582,136.0
2583,136.0
2584,137.0
2585,136.0
2586,136.0
2587,136.0
2588,137.0
2589,137.0
2590,136.0
2591,136.0
2592,137.0
2593,137.0
2594,137.0
2595,136.0
2596,136.0
2597,137.0
2598,136.0
2599,136.0
2600,137.0
2601,137.0
2602,136.0
2603,137.0
2604,136.0
2605,136.0
2606,136.0
2607,136.0
2608,137.0
2609,136.0
2610,137.0
2611,137.0
2612,137.0
2613,137.0
2614,136.0
2615,136.0
2616,137.0
2617,137.0
2618,137.0
2619,136.0
2620,136.0
2621,137.0
2622,137.0
2623,137.0
2624,137.0
2625,137.0
2626,137.0
2627,137.0
2628,136.0
2629,137.0
2630,137.0
2631,137.0
2632,137.0
2633,137.0
2634,136.0
2635,137.0
2636,136.0
2637,136.0
2638,137.0
2639,136.0
2640,136.0
2641,137.0
2642,139.0
2643,139.0
2644,140.0
2645,138.0
2646,139.0
2647,139.0
2648,138.0
2649,139.0
2650,139.0
2651,139.0
2652,139.0
2653,138.0
2654,139.0
2655,139.0
2656,138.0
2657,138.0
2658,138.0
2659,138.0
2660,139.0
2661,137.0
2662,137.0
2663,137.0
2664,137.0
2665,136.0
2666,137.0
2667,137.0
2668,137.0
2669,137.0
2670,136.0
2671,136.0
2672,136.0
2673,136.0
2674,137.0
2675,136.0
2676,137.0
2677,137.0
2678,137.0
2679,137.0
2680,137.0
2681,136.0
2682,137.0
2683,137.0
2684,137.0
2685,137.0
2686,137.0
2687,137.0
2688,138.0
2689,137.0
2690,138.0
2691,138.0
2692,138.0
2693,137.0
2694,137.0
2695,137.0
2696,137.0
2697,137.0
2698,137.0
2699,137.0
2700,138.0
2701,137.0
2702,138.0
2703,138.0
2704,138.0
2705,137.0
2706,137.0
2707,137.0
2708,137.0
2709,137.0
2710,137.0
2711,137.0
2712,137.0
2713,137.0
2714,137.0
2715,137.0
2716,137.0
2717,137.0
2718,137.0
2719,136.0
2720,137.0
2721,137.0
2722,137.0
2723,137.0
2724,137.0
2725,137.0
2726,138.0
2727,138.0
2728,138.0
2729,137.0
2730,137.0
2731,137.0
2732,138.0
2733,138.0
2734,138.0
2735,138.0
2736,137.0
2737,138.0
2738,138.0
2739,138.0
2740,138.0
2741,138.0
2742,137.0
2743,138.0
2744,137.0
2745,137.0
2746,138.0
2747,138.0
2748,139.0
2749,139.0
2750,139.0
2751,140.0
2752,140.0
2753,140.0
2754,141.0
2755,141.0
2756,142.0
2757,143.0
2758,143.0
2759,144.0
2760,144.0
2761,144.0
2762,144.0
2763,144.0
2764,144.0
2765,144.0
2766,144.0
2767,144.0
2768,144.0
2769,145.0
2770,144.0
2771,144.0
2772,144.0
2773,144.0
2774,144.0
2775,144.0
2776,144.0
2777,144.0
2778,144.0
2779,144.0
2780,144.0
2781,143.0
2782,144.0
2783,144.0
2784,144.0
2785,144.0
2786,144.0
2787,144.0
2788,144.0
2789,144.0
2790,144.0
2791,144.0
2792,144.0
2793,144.0
2794,144.0
2795,144.0
2796,144.0
2797,144.0
2798,146.0
2799,147.0
2800,146.0
2801,146.0
2802,147.0
2803,146.0
2804,146.0
2805,146.0
2806,146.0
2807,147.0
2808,146.0
2809,146.0
2810,146.0
2811,145.0
2812,146.0
2813,147.0
2814,146.0
2815,147.0
2816,145.0
2817,144.0
2818,144.0
2819,144.0
2820,144.0
2821,145.0
2822,144.0
2823,144.0
2824,144.0
2825,145.0
2826,144.0
2827,145.0
2828,144.0
2829,145.0
2830,145.0
2831,145.0
2832,145.0
2833,145.0
2834,145.0
2835,145.0
2836,145.0
2837,145.0
2838,145.0
2839,145.0
2840,145.0
2841,145.0
2842,145.0
2843,145.0
2844,144.0
2845,145.0
2846,145.0
2847,145.0
2848,145.0
2849,145.0
2850,145.0
2851,145.0
2852,145.0
2853,145.0
2854,145.0
2855,145.0
2856,145.0
2857,145.0
2858,145.0
2859,145.0
2860,145.0
2861,143.0
2862,139.0
2863,143.0
2864,144.0
2865,139.0
2866,137.0
2867,138.0
2868,138.0
2869,138.0
2870,138.0
2871,138.0
2872,137.0
2873,137.0
2874,137.0
2875,138.0
2876,137.0
2877,137.0
2878,137.0
2879,137.0
2880,138.0
2881,137.0
2882,137.0
2883,137.0
2884,137.0
2885,137.0
2886,137.0
2887,137.0
2888,137.0
2889,137.0
2890,136.0
2891,137.0
2892,136.0
2893,137.0
2894,136.0
2895,137.0
2896,136.0
2897,137.0
2898,136.0
2899,136.0
2900,136.0
2901,136.0
2902,137.0
2903,136.0
2904,136.0
2905,137.0
2906,136.0
2907,137.0
2908,137.0
2909,136.0
2910,136.0
2911,136.0
2912,136.0
2913,136.0
2914,136.0
2915,136.0
2916,136.0
2917,136.0
2918,136.0
2919,136.0
2920,137.0
2921,136.0
2922,137.0
2923,136.0
2924,136.0
2925,136.0
2926,136.0
2927,137.0
2928,137.0
2929,136.0
2930,137.0
2931,136.0
2932,136.0
2933,136.0
2934,136.0
2935,136.0
2936,136.0
2937,136.0
2938,137.0
2939,136.0
2940,136.0
2941,136.0
2942,136.0
2943,136.0
2944,136.0
2945,136.0
2946,136.0
2947,136.0
2948,137.0
2949,136.0
2950,136.0
2951,136.0
2952,136.0
2953,137.0
2954,138.0
2955,139.0
2956,138.0
2957,138.0
2958,138.0
2959,138.0
2960,139.0
2961,138.0
2962,138.0
2963,138.0
2964,138.0
2965,138.0
2966,138.0
2967,138.0
2968,139.0
2969,138.0
2970,138.0
2971,139.0
2972,139.0
2973,138.0
2974,137.0
2975,137.0
2976,138.0
2977,137.0
2978,137.0
2979,137.0
2980,137.0
2981,138.0
2982,138.0
2983,137.0
2984,137.0
2985,137.0
2986,136.0
2987,137.0
2988,137.0
2989,137.0
2990,137.0
2991,137.0
2992,137.0
2993,138.0
2994,138.0
2995,137.0
2996,137.0
2997,138.0
2998,138.0
2999,137.0
3000,137.0
3001,137.0
3002,137.0
3003,137.0
3004,137.0
3005,136.0
3006,137.0
3007,137.0
3008,136.0
3009,137.0
3010,137.0
3011,137.0
3012,137.0
3013,137.0
3014,137.0
3015,140.0
3016,
3017,
3018,
3019,
3020,
3021,
3022,
3023,
3024,
3025,
3026,
3027,
3028,
3029,
3030,
3031,
3032,
3033,
3034,
3035,
3036,
3037,
3038,
3039,
3040,
3041,
3042,
3043,
3044,
3045,
3046,
3047,
3048,
3049,
3050,
3051,
3052,
3053,
3054,
3055,
3056,
3057,
3058,
3059,
3060,
3061,
3062,
3063,
3064,
3065,
3066,
3067,
3068,
3069,
3070,
3071,
3072,
3073,
3074,
3075,
3076,
3077,
3078,
3079,
3080,
3081,
3082,
3083,
3084,
3085,
3086,
3087,
3088,
3089,
3090,
3091,
3092,
3093,
3094,
3095,
3096,
3097,
3098,
3099,
3100,
3101,
3102,
3103,
3104,
3105,
3106,
3107,
3108,
3109,
3110,
3111,
3112,
3113,
3114,
3115,
3116,
3117,
3118,
3119,
3120,
3121,
3122,
3123,
3124,
3125,
3126,
3127,
3128,
3129,
3130,
3131,
3132,
3133,
3134,
3135,
3136,
3137,
3138,
3139,
3140,
3141,
3142,
3143,
3144,
3145,
3146,
3147,
3148,
3149,
3150,
3151,
3152,
3153,
3154,
3155,
3156,
3157,
3158,
3159,
3160,
3161,
3162,
3163,131.0
3164,134.0
3165,134.0
3166,133.0
3167,134.0
3168,133.0
3169,134.0
3170,134.0
3171,133.0
3172,133.0
3173,132.0
3174,132.0
3175,132.0
3176,132.0
3177,131.0
3178,132.0
3179,131.0
3180,131.0
3181,132.0
3182,131.0
3183,131.0
3184,131.0
3185,132.0
3186,132.0
3187,131.0
3188,131.0
3189,131.0
3190,131.0
3191,131.0
3192,131.0
3193,131.0
3194,131.0
3195,131.0
3196,132.0
3197,131.0
3198,131.0
3199,131.0
3200,131.0
3201,131.0
3202,131.0
3203,131.0
3204,131.0
3205,131.0
3206,131.0
3207,131.0
3208,131.0
3209,131.0
3210,131.0
3211,131.0
3212,131.0
3213,131.0
3214,131.0
3215,131.0
3216,130.0
3217,131.0
3218,131.0
3219,132.0
3220,131.0
3221,131.0
3222,131.0
3223,131.0
3224,131.0
3225,137.0
3226,136.0
3227,136.0
3228,137.0
3229,136.0
3230,136.0
3231,136.0
3232,136.0
3233,136.0
3234,136.0
3235,136.0
3236,136.0
3237,136.0
3238,137.0
3239,136.0
3240,136.0
3241,136.0
3242,136.0
3243,137.0
3244,136.0
3245,136.0
3246,136.0
3247,136.0
3248,136.0
3249,136.0
3250,136.0
3251,136.0
3252,137.0
3253,136.0
3254,137.0
3255,136.0
3256,136.0
3257,137.0
3258,137.0
3259,137.0
3260,137.0
3261,137.0
3262,137.0
3263,137.0
3264,137.0
3265,137.0
3266,137.0
3267,137.0
3268,137.0
3269,137.0
3270,137.0
3271,137.0
3272,137.0
3273,137.0
3274,137.0
3275,136.0
3276,137.0
3277,137.0
3278,137.0
3279,137.0
3280,137.0
3281,137.0
3282,137.0
3283,137.0
3284,137.0
3285,137.0
3286,138.0
3287,137.0
3288,137.0
3289,137.0
3290,138.0
3291,137.0
3292,137.0
3293,137.0
3294,137.0
3295,137.0
3296,137.0
3297,137.0
3298,137.0
3299,137.0
3300,137.0
3301,137.0
3302,137.0
3303,137.0
3304,137.0
3305,137.0
3306,137.0
3307,137.0
3308,137.0
3309,137.0
3310,139.0
3311,140.0
3312,139.0
3313,139.0
3314,140.0
3315,139.0
3316,139.0
3317,140.0
3318,139.0
3319,139.0
3320,138.0
3321,139.0
3322,139.0
3323,138.0
3324,138.0
3325,139.0
3326,138.0
3327,139.0
3328,138.0
3329,137.0
3330,137.0
3331,137.0
3332,137.0
3333,137.0
3334,137.0
3335,137.0
3336,137.0
3337,137.0
3338,137.0
3339,137.0
3340,137.0
3341,136.0
3342,137.0
3343,137.0
3344,137.0
3345,136.0
3346,137.0
3347,136.0
3348,137.0
3349,136.0
3350,137.0
3351,137.0
3352,137.0
3353,136.0
3354,136.0
3355,137.0
3356,136.0
3357,136.0
3358,136.0
3359,136.0
3360,136.0
3361,136.0
3362,136.0
3363,136.0
3364,136.0
3365,136.0
3366,136.0
3367,136.0
3368,136.0
3369,136.0
3370,136.0
3371,136.0
3372,136.0
3373,136.0
3374,137.0
3375,137.0
3376,136.0
3377,136.0
3378,136.0
3379,136.0
3380,136.0
3381,136.0
3382,136.0
3383,136.0
3384,136.0
3385,136.0
3386,136.0
3387,136.0
3388,136.0
3389,136.0
3390,136.0
3391,136.0
3392,136.0
3393,136.0
3394,136.0
3395,136.0
3396,136.0
3397,137.0
3398,136.0
3399,136.0
3400,136.0
3401,136.0
3402,136.0
3403,136.0
3404,136.0
3405,136.0
3406,136.0
3407,136.0
3408,136.0
3409,137.0
3410,136.0
3411,136.0
3412,137.0
3413,136.0
3414,137.0
3415,137.0
3416,136.0
3417,136.0
3418,136.0
3419,137.0
3420,136.0
3421,136.0
3422,136.0
3423,137.0
3424,137.0
3425,136.0
3426,137.0
3427,139.0
3428,136.0
3429,136.0
3430,136.0
3431,137.0
3432,137.0
3433,136.0
3434,136.0
3435,136.0
3436,136.0
3437,137.0
3438,137.0
3439,136.0
3440,136.0
3441,137.0
3442,136.0
3443,136.0
3444,137.0
3445,136.0
3446,137.0
3447,136.0
3448,137.0
3449,137.0
3450,137.0
3451,136.0
3452,136.0
3453,136.0
3454,136.0
3455,136.0
3456,136.0
3457,136.0
3458,136.0
3459,136.0
3460,136.0
3461,136.0
3462,136.0
3463,136.0
3464,136.0
3465,136.0
3466,138.0
3467,139.0
3468,138.0
3469,138.0
3470,138.0
3471,138.0
3472,138.0
3473,138.0
3474,137.0
3475,139.0
3476,138.0
3477,137.0
3478,138.0
3479,138.0
3480,138.0
3481,138.0
3482,137.0
3483,139.0
3484,137.0
3485,137.0
3486,136.0
3487,136.0
3488,136.0
3489,136.0
3490,136.0
3491,137.0
3492,136.0
3493,137.0
3494,137.0
3495,136.0
3496,136.0
3497,137.0
3498,136.0
3499,136.0
3500,136.0
3501,137.0
3502,137.0
3503,136.0
3504,136.0
3505,136.0
3506,136.0
3507,136.0
3508,136.0
3509,137.0
3510,136.0
3511,136.0
3512,136.0
3513,136.0
3514,136.0
3515,136.0
3516,136.0
3517,136.0
3518,136.0
3519,136.0
3520,136.0
3521,136.0
3522,136.0
3523,136.0
3524,136.0
3525,136.0
3526,136.0
3527,136.0
3528,136.0
3529,136.0
3530,136.0
3531,136.0
3532,136.0
3533,137.0
3534,136.0
3535,136.0
3536,136.0
3537,136.0
3538,136.0
3539,136.0
3540,136.0
3541,136.0
3542,136.0
3543,136.0
3544,136.0
3545,136.0
3546,137.0
3547,137.0
3548,136.0
3549,137.0
3550,136.0
3551,137.0
3552,136.0
3553,136.0
3554,136.0
3555,136.0
3556,137.0
3557,136.0
3558,136.0
3559,136.0
3560,136.0
3561,136.0
3562,136.0
3563,136.0
3564,136.0
3565,136.0
3566,136.0
3567,136.0
3568,136.0
3569,137.0
3570,136.0
3571,136.0
3572,136.0
3573,136.0
3574,136.0
3575,136.0
3576,136.0
3577,136.0
3578,137.0
3579,136.0
3580,136.0
3581,136.0
3582,136.0
3583,137.0
3584,136.0
3585,136.0
3586,137.0
3587,137.0
3588,136.0
3589,136.0
3590,136.0
3591,136.0
3592,136.0
3593,136.0
3594,137.0
3595,136.0
3596,136.0
3597,137.0
3598,136.0
3599,136.0
3600,136.0
3601,136.0
3602,136.0
3603,136.0
3604,136.0
3605,136.0
3606,137.0
3607,136.0
3608,136.0
3609,136.0
3610,136.0
3611,136.0
3612,136.0
3613,137.0
3614,137.0
3615,136.0
3616,136.0
3617,136.0
3618,136.0
3619,136.0
3620,135.0
3621,137.0
3622,138.0
3623,139.0
3624,138.0
3625,139.0
3626,138.0
3627,138.0
3628,138.0
3629,138.0
3630,138.0
3631,139.0
3632,138.0
3633,138.0
3634,138.0
3635,138.0
3636,138.0
3637,138.0
3638,138.0
3639,138.0
3640,138.0
3641,137.0
3642,136.0
3643,136.0
3644,136.0
3645,136.0
3646,137.0
3647,137.0
3648,137.0
3649,136.0
3650,136.0
3651,136.0
3652,136.0
3653,137.0
3654,136.0
3655,136.0
3656,136.0
3657,136.0
3658,136.0
3659,136.0
3660,136.0
3661,136.0
3662,137.0
3663,136.0
3664,136.0
3665,136.0
3666,136.0
3667,136.0
3668,136.0
3669,136.0
3670,135.0
3671,136.0
3672,136.0
3673,136.0
3674,135.0
3675,136.0
3676,136.0
3677,136.0
3678,137.0
3679,136.0
3680,136.0
3681,136.0
3682,136.0
3683,136.0
3684,136.0
3685,136.0
3686,136.0
3687,136.0
3688,136.0
3689,136.0
3690,137.0
3691,136.0
3692,137.0
3693,136.0
3694,137.0
3695,137.0
3696,136.0
3697,137.0
3698,137.0
3699,137.0
3700,136.0
3701,137.0
3702,137.0
3703,137.0
3704,137.0
3705,137.0
3706,137.0
3707,137.0
3708,137.0
3709,136.0
3710,137.0
3711,136.0
3712,137.0
3713,137.0
3714,137.0
3715,137.0
3716,137.0
3717,137.0
3718,137.0
3719,136.0
3720,137.0
3721,137.0
3722,137.0
3723,136.0
3724,136.0
3725,137.0
3726,137.0
3727,136.0
3728,137.0
3729,137.0
3730,137.0
3731,137.0
3732,137.0
3733,137.0
3734,137.0
3735,137.0
3736,137.0
3737,137.0
3738,137.0
3739,137.0
3740,137.0
3741,136.0
3742,137.0
3743,137.0
3744,136.0
3745,136.0
3746,137.0
3747,137.0
3748,137.0
3749,136.0
3750,137.0
3751,137.0
3752,137.0
3753,136.0
3754,136.0
3755,136.0
3756,137.0
3757,136.0
3758,137.0
3759,136.0
3760,137.0
3761,136.0
3762,136.0
3763,136.0
3764,136.0
3765,136.0
3766,137.0
3767,137.0
3768,136.0
3769,136.0
3770,137.0
3771,137.0
3772,137.0
3773,136.0
3774,136.0
3775,136.0
3776,137.0
3777,137.0
3778,139.0
3779,139.0
3780,138.0
3781,139.0
3782,139.0
3783,139.0
3784,138.0
3785,139.0
3786,139.0
3787,138.0
3788,139.0
3789,139.0
3790,138.0
3791,138.0
3792,138.0
3793,138.0
3794,138.0
3795,138.0
3796,138.0
3797,136.0
3798,136.0
3799,136.0
3800,137.0
3801,136.0
3802,137.0
3803,137.0
3804,137.0
3805,137.0
3806,137.0
3807,137.0
3808,137.0
3809,137.0
3810,137.0
3811,137.0
3812,137.0
3813,137.0
3814,136.0
3815,136.0
3816,137.0
3817,136.0
3818,136.0
3819,136.0
3820,137.0
3821,136.0
3822,137.0
3823,137.0
3824,136.0
3825,137.0
3826,136.0
3827,136.0
3828,136.0
3829,136.0
3830,137.0
3831,137.0
3832,136.0
3833,136.0
3834,136.0
3835,137.0
3836,136.0
3837,136.0
3838,137.0
3839,137.0
3840,137.0
3841,137.0
3842,137.0
3843,137.0
3844,137.0
3845,137.0
3846,137.0
3847,137.0
3848,136.0
3849,136.0
3850,136.0
3851,137.0
3852,137.0
3853,137.0
3854,136.0
3855,137.0
3856,137.0
3857,137.0
3858,137.0
3859,136.0
3860,136.0
3861,137.0
3862,137.0
3863,137.0
3864,137.0
3865,137.0
3866,136.0
3867,137.0
3868,136.0
3869,136.0
3870,137.0
3871,136.0
3872,138.0
3873,136.0
3874,137.0
3875,136.0
3876,137.0
3877,136.0
3878,137.0
3879,137.0
3880,136.0
3881,137.0
3882,136.0
3883,137.0
3884,137.0
3885,136.0
3886,137.0
3887,137.0
3888,136.0
3889,136.0
3890,137.0
3891,136.0
3892,137.0
3893,137.0
3894,137.0
3895,137.0
3896,137.0
3897,136.0
3898,137.0
3899,137.0
3900,137.0
3901,136.0
3902,137.0
3903,137.0
3904,137.0
3905,137.0
3906,137.0
3907,137.0
3908,137.0
3909,137.0
3910,136.0
3911,137.0
3912,137.0
3913,136.0
3914,136.0
3915,136.0
3916,136.0
3917,136.0
3918,137.0
3919,136.0
3920,136.0
3921,137.0
3922,136.0
3923,137.0
3924,136.0
3925,137.0
3926,137.0
3927,136.0
3928,137.0
3929,136.0
3930,136.0
3931,137.0
3932,136.0
3933,136.0
3934,139.0
3935,139.0
3936,139.0
3937,138.0
3938,140.0
3939,138.0
3940,138.0
3941,139.0
3942,138.0
3943,139.0
3944,138.0
3945,138.0
3946,139.0
3947,138.0
3948,138.0
3949,139.0
3950,138.0
3951,139.0
3952,138.0
3953,137.0
3954,137.0
3955,137.0
3956,136.0
3957,137.0
3958,137.0
3959,137.0
3960,136.0
3961,137.0
3962,137.0
3963,137.0
3964,137.0
3965,137.0
3966,136.0
3967,137.0
3968,136.0
3969,136.0
3970,136.0
3971,137.0
3972,136.0
3973,137.0
3974,137.0
3975,137.0
3976,136.0
3977,137.0
3978,137.0
3979,137.0
3980,137.0
3981,136.0
3982,136.0
3983,137.0
3984,137.0
3985,137.0
3986,137.0
3987,137.0
3988,137.0
3989,137.0
3990,136.0
3991,137.0
3992,137.0
3993,137.0
3994,137.0
3995,136.0
3996,136.0
3997,137.0
3998,137.0
3999,137.0
4000,136.0
4001,136.0
4002,137.0
4003,137.0
4004,137.0
4005,137.0
4006,137.0
4007,137.0
4008,137.0
4009,137.0
4010,137.0
4011,137.0
4012,137.0
4013,137.0
4014,137.0
4015,137.0
4016,137.0
4017,136.0
4018,136.0
4019,137.0
4020,137.0
4021,137.0
4022,137.0
4023,137.0
4024,136.0
4025,137.0
4026,137.0
4027,137.0
4028,137.0
4029,137.0
4030,136.0
4031,136.0
4032,137.0
4033,137.0
4034,137.0
4035,137.0
4036,136.0
4037,137.0
4038,137.0
4039,136.0
4040,137.0
4041,136.0
4042,137.0
4043,136.0
4044,137.0
4045,137.0
4046,137.0
4047,136.0
4048,136.0
4049,136.0
4050,137.0
4051,137.0
4052,137.0
4053,136.0
4054,136.0
4055,136.0
4056,136.0
4057,137.0
4058,136.0
4059,136.0
4060,137.0
4061,137.0
4062,137.0
4063,136.0
4064,136.0
4065,136.0
4066,136.0
4067,136.0
4068,136.0
4069,136.0
4070,136.0
4071,136.0
4072,137.0
4073,136.0
4074,136.0
4075,136.0
4076,136.0
4077,136.0
4078,137.0
4079,136.0
4080,136.0
4081,136.0
4082,136.0
4083,136.0
4084,136.0
4085,136.0
4086,136.0
4087,136.0
4088,137.0
4089,136.0
4090,138.0
4091,139.0
4092,139.0
4093,138.0
4094,138.0
4095,139.0
4096,138.0
4097,139.0
4098,138.0
4099,138.0
4100,139.0
4101,138.0
4102,139.0
4103,138.0
4104,138.0
4105,139.0
4106,138.0
4107,137.0
4108,138.0
4109,136.0
4110,137.0
4111,136.0
4112,137.0
4113,136.0
4114,137.0
4115,137.0
4116,138.0
4117,137.0
4118,137.0
4119,137.0
4120,137.0
4121,136.0
4122,137.0
4123,137.0
4124,137.0
4125,136.0
4126,137.0
4127,136.0
4128,137.0
4129,137.0
4130,137.0
4131,137.0
4132,137.0
4133,137.0
4134,137.0
4135,137.0
4136,137.0
4137,137.0
4138,137.0
4139,137.0
4140,137.0
4141,136.0
4142,137.0
4143,137.0
4144,137.0
4145,137.0
4146,137.0
4147,137.0
4148,136.0
4149,137.0
4150,137.0
4151,138.0
4152,137.0
4153,137.0
4154,138.0
4155,137.0
4156,137.0
4157,137.0
4158,137.0
4159,137.0
4160,137.0
4161,137.0
4162,137.0
4163,137.0
4164,137.0
4165,137.0
4166,137.0
4167,137.0
4168,137.0
4169,137.0
4170,137.0
4171,137.0
4172,137.0
4173,137.0
4174,137.0
4175,137.0
4176,137.0
4177,137.0
4178,137.0
4179,137.0
4180,137.0
4181,137.0
4182,137.0
4183,137.0
4184,137.0
4185,136.0
4186,136.0
4187,137.0
4188,136.0
4189,136.0
4190,137.0
4191,136.0
4192,137.0
4193,137.0
4194,137.0
4195,137.0
4196,137.0
4197,137.0
4198,136.0
4199,137.0
4200,136.0
4201,136.0
4202,136.0
4203,136.0
4204,136.0
4205,137.0
4206,137.0
4207,137.0
4208,137.0
4209,137.0
4210,137.0
4211,137.0
4212,137.0
4213,136.0
4214,137.0
4215,136.0
4216,137.0
4217,136.0
4218,137.0
4219,137.0
4220,137.0
4221,137.0
4222,136.0
4223,136.0
4224,137.0
4225,136.0
4226,137.0
4227,136.0
4228,137.0
4229,136.0
4230,137.0
4231,136.0
4232,136.0
4233,137.0
4234,136.0
4235,137.0
4236,136.0
4237,136.0
4238,136.0
4239,137.0
4240,137.0
4241,136.0
4242,136.0
4243,136.0
4244,137.0
4245,136.0
4246,138.0
4247,138.0
4248,138.0
4249,139.0
4250,138.0
4251,138.0
4252,139.0
4253,138.0
4254,139.0
4255,139.0
4256,138.0
4257,139.0
4258,138.0
4259,138.0
4260,138.0
4261,138.0
4262,138.0
4263,139.0
4264,137.0
4265,137.0
4266,137.0
4267,137.0
4268,136.0
4269,137.0
4270,137.0
4271,137.0
4272,137.0
4273,137.0
4274,137.0
4275,138.0
4276,137.0
4277,137.0
4278,137.0
4279,137.0
4280,137.0
4281,137.0
4282,137.0
4283,137.0
4284,137.0
4285,137.0
4286,137.0
4287,137.0
4288,137.0
4289,137.0
4290,137.0
4291,137.0
4292,136.0
4293,137.0
4294,137.0
4295,137.0
4296,137.0
4297,138.0
4298,137.0
4299,137.0
4300,137.0
4301,137.0
4302,137.0
4303,137.0
4304,137.0
4305,137.0
4306,137.0
4307,137.0
4308,137.0
4309,137.0
4310,137.0
4311,136.0
4312,137.0
4313,137.0
4314,136.0
4315,137.0
4316,137.0
4317,137.0
4318,137.0
4319,136.0
4320,136.0
4321,137.0
4322,137.0
4323,137.0
4324,136.0
4325,136.0
4326,137.0
4327,136.0
4328,136.0
4329,136.0
4330,137.0
4331,137.0
4332,136.0
4333,137.0
4334,136.0
4335,136.0
4336,136.0
4337,136.0
4338,136.0
4339,137.0
4340,136.0
4341,136.0
4342,137.0
4343,136.0
4344,136.0
4345,136.0
4346,136.0
4347,136.0
4348,136.0
4349,136.0
4350,136.0
4351,136.0
4352,136.0
4353,136.0
4354,137.0
4355,136.0
4356,136.0
4357,137.0
4358,137.0
4359,136.0
4360,136.0
4361,136.0
4362,136.0
4363,136.0
4364,136.0
4365,136.0
4366,136.0
4367,136.0
4368,136.0
4369,136.0
4370,136.0
4371,136.0
4372,136.0
4373,136.0
4374,136.0
4375,136.0
4376,136.0
4377,137.0
4378,136.0
4379,136.0
4380,136.0
4381,136.0
4382,136.0
4383,137.0
4384,137.0
4385,136.0
4386,137.0
4387,136.0
4388,136.0
4389,136.0
4390,137.0
4391,136.0
4392,136.0
4393,136.0
4394,136.0
4395,136.0
4396,136.0
4397,137.0
4398,137.0
4399,136.0
4400,136.0
4401,136.0
4402,138.0
4403,139.0
4404,138.0
4405,139.0
4406,139.0
4407,138.0
4408,138.0
4409,138.0
4410,138.0
4411,139.0
4412,138.0
4413,138.0
4414,139.0
4415,138.0
4416,139.0
4417,138.0
4418,139.0
4419,138.0
4420,138.0
4421,137.0
4422,137.0
4423,137.0
4424,137.0
4425,137.0
4426,137.0
4427,137.0
4428,136.0
4429,137.0
4430,136.0
4431,137.0
4432,137.0
4433,137.0
4434,136.0
4435,137.0
4436,137.0
4437,137.0
4438,137.0
4439,137.0
4440,138.0
4441,137.0
4442,137.0
4443,137.0
4444,136.0
4445,137.0
4446,137.0
4447,136.0
4448,136.0
4449,136.0
4450,136.0
4451,136.0
4452,136.0
4453,136.0
4454,136.0
4455,136.0
4456,136.0
4457,136.0
4458,136.0
4459,136.0
4460,137.0
4461,136.0
4462,136.0
4463,136.0
4464,136.0
4465,136.0
4466,136.0
4467,136.0
4468,136.0
4469,136.0
4470,136.0
4471,137.0
4472,137.0
4473,137.0
4474,136.0
4475,137.0
4476,136.0
4477,136.0
4478,136.0
4479,136.0
4480,136.0
4481,136.0
4482,136.0
4483,136.0
4484,136.0
4485,136.0
4486,136.0
4487,136.0
4488,136.0
4489,136.0
4490,136.0
4491,136.0
4492,136.0
4493,136.0
4494,136.0
4495,137.0
4496,136.0
4497,136.0
4498,137.0
4499,136.0
4500,136.0
4501,136.0
4502,136.0
4503,136.0
4504,137.0
4505,136.0
4506,136.0
4507,137.0
4508,136.0
4509,136.0
4510,136.0
4511,136.0
4512,136.0
4513,136.0
4514,136.0
4515,137.0
4516,136.0
4517,136.0
4518,136.0
4519,136.0
4520,136.0
4521,137.0
4522,136.0
4523,136.0
4524,136.0
4525,137.0
4526,136.0
4527,136.0
4528,136.0
4529,136.0
4530,136.0
4531,136.0
4532,136.0
4533,135.0
4534,136.0
4535,136.0
4536,136.0
4537,136.0
4538,136.0
4539,137.0
4540,136.0
4541,137.0
4542,136.0
4543,136.0
4544,136.0
4545,136.0
4546,136.0
4547,136.0
4548,137.0
4549,136.0
4550,137.0
4551,137.0
4552,136.0
4553,137.0
4554,137.0
4555,136.0
4556,136.0
4557,137.0
4558,137.0
4559,139.0
4560,138.0
4561,139.0
4562,139.0
4563,139.0
4564,138.0
4565,138.0
4566,139.0
4567,138.0
4568,137.0
4569,139.0
4570,138.0
4571,139.0
4572,138.0
4573,138.0
4574,138.0
4575,138.0
4576,137.0
4577,137.0
4578,137.0
4579,137.0
4580,136.0
4581,137.0
4582,136.0
4583,137.0
4584,137.0
4585,137.0
4586,137.0
4587,137.0
4588,137.0
4589,137.0
4590,136.0
4591,137.0
4592,136.0
4593,137.0
4594,137.0
4595,137.0
4596,137.0
4597,136.0
4598,136.0
4599,136.0
4600,137.0
4601,136.0
4602,137.0
4603,136.0
4604,136.0
4605,136.0
4606,136.0
4607,137.0
4608,136.0
4609,136.0
4610,136.0
4611,136.0
4612,136.0
4613,136.0
4614,136.0
4615,136.0
4616,136.0
4617,137.0
4618,136.0
4619,136.0
4620,136.0
4621,136.0
4622,136.0
4623,136.0
4624,136.0
4625,136.0
4626,136.0
4627,136.0
4628,136.0
4629,136.0
4630,136.0
4631,136.0
4632,136.0
4633,136.0
4634,136.0
4635,136.0
4636,136.0
4637,137.0
4638,136.0
4639,136.0
4640,136.0
4641,136.0
4642,136.0
4643,136.0
4644,136.0
4645,136.0
4646,136.0
4647,137.0
4648,136.0
4649,136.0
4650,136.0
4651,136.0
4652,136.0
4653,136.0
4654,136.0
4655,136.0
4656,136.0
4657,136.0
4658,136.0
4659,136.0
4660,137.0
4661,136.0
4662,136.0
4663,136.0
4664,136.0
4665,136.0
4666,136.0
4667,136.0
4668,136.0
4669,136.0
4670,136.0
4671,136.0
4672,136.0
4673,136.0
4674,136.0
4675,136.0
4676,136.0
4677,136.0
4678,137.0
4679,136.0
4680,136.0
4681,136.0
4682,136.0
4683,136.0
4684,136.0
4685,136.0
4686,136.0
4687,136.0
4688,137.0
4689,136.0
4690,136.0
4691,135.0
4692,136.0
4693,137.0
4694,136.0
4695,136.0
4696,136.0
4697,136.0
4698,136.0
4699,137.0
4700,136.0
4701,137.0
4702,137.0
4703,137.0
4704,137.0
4705,137.0
4706,137.0
4707,137.0
4708,137.0
4709,137.0
4710,137.0
4711,137.0
4712,137.0
4713,137.0
4714,138.0
4715,139.0
4716,139.0
4717,140.0
4718,139.0
4719,140.0
4720,140.0
4721,139.0
4722,140.0
4723,139.0
4724,139.0
4725,140.0
4726,139.0
4727,140.0
4728,140.0
4729,139.0
4730,140.0
4731,139.0
4732,140.0
4733,138.0
4734,138.0
4735,138.0
4736,138.0
4737,138.0
4738,138.0
4739,137.0
4740,138.0
4741,138.0
4742,138.0
4743,137.0
4744,138.0
4745,137.0
4746,138.0
4747,137.0
4748,
4749,
4750,
4751,
4752,
4753,
4754,
4755,
4756,
4757,
4758,
4759,
4760,
4761,
4762,
4763,
4764,
4765,
4766,
4767,
4768,
4769,
4770,
4771,
4772,
4773,
4774,
4775,
4776,
4777,
4778,
4779,
4780,
4781,
4782,
4783,
4784,
4785,
4786,
4787,
4788,
4789,
4790,
4791,
4792,
4793,
4794,
4795,
4796,
4797,
4798,
4799,
4800,
4801,
4802,
4803,
4804,
4805,
4806,
4807,
4808,
4809,
4810,
4811,
4812,
4813,
4814,
4815,
4816,
4817,
4818,
4819,
4820,
4821,
4822,
4823,
4824,
4825,
4826,
4827,
4828,
4829,
4830,
4831,
4832,
4833,
4834,
4835,
4836,
4837,
4838,
4839,
4840,
4841,
4842,
4843,
4844,
4845,
4846,
4847,
4848,
4849,
4850,
4851,
4852,
4853,
4854,
4855,
4856,
4857,
4858,
4859,
4860,
4861,
4862,
4863,
4864,
4865,
4866,
4867,
4868,
4869,
4870,
4871,
4872,
4873,139.0
4874,138.0
4875,139.0
4876,139.0
4877,139.0
4878,139.0
4879,139.0
4880,140.0
4881,140.0
4882,140.0
4883,140.0
4884,139.0
4885,139.0
4886,139.0
4887,139.0
4888,140.0
4889,175.0
4890,283.0
4891,321.0
4892,323.0
4893,310.0
4894,297.0
4895,318.0
4896,310.0
4897,317.0
4898,328.0
4899,335.0
4900,329.0
4901,306.0
4902,308.0
4903,299.0
4904,280.0
4905,280.0
4906,148.0
4907,127.0
4908,126.0
4909,126.0
4910,127.0
4911,126.0
4912,126.0
4913,127.0
4914,127.0
4915,126.0
4916,126.0
4917,126.0
4918,126.0
4919,127.0
4920,126.0
4921,126.0
4922,126.0
4923,126.0
4924,126.0
4925,126.0
4926,127.0
4927,126.0
4928,127.0
4929,126.0
4930,126.0
4931,126.0
4932,127.0
4933,127.0
4934,126.0
4935,127.0
4936,126.0
4937,127.0
4938,127.0
4939,126.0
4940,126.0
4941,126.0
4942,126.0
4943,127.0
4944,126.0
4945,126.0
4946,127.0
4947,127.0
4948,127.0
4949,126.0
4950,126.0
4951,127.0
4952,126.0
4953,127.0
4954,126.0
4955,127.0
4956,126.0
4957,126.0
4958,126.0
4959,126.0
4960,126.0
4961,126.0
4962,126.0
4963,126.0
4964,126.0
4965,126.0
4966,127.0
4967,127.0
4968,127.0
4969,126.0
4970,126.0
4971,126.0
4972,127.0
4973,126.0
4974,126.0
4975,126.0
4976,126.0
4977,127.0
4978,126.0
4979,126.0
4980,126.0
4981,126.0
4982,126.0
4983,127.0
4984,127.0
4985,127.0
4986,126.0
4987,127.0
4988,127.0
4989,126.0
4990,126.0
4991,126.0
4992,127.0
4993,127.0
4994,127.0
4995,126.0
4996,127.0
4997,126.0
4998,127.0
4999,127.0
5000,127.0
5001,127.0
5002,126.0
5003,127.0
5004,127.0
5005,127.0
5006,127.0
5007,127.0
5008,127.0
5009,127.0
5010,127.0
5011,127.0
5012,127.0
5013,126.0
5014,127.0
5015,127.0
5016,127.0
5017,127.0
5018,127.0
5019,126.0
5020,127.0
5021,126.0
5022,126.0
5023,127.0
5024,126.0
5025,127.0
5026,127.0
5027,129.0
5028,128.0
5029,130.0
5030,128.0
5031,128.0
5032,129.0
5033,129.0
5034,129.0
5035,129.0
5036,128.0
5037,130.0
5038,128.0
5039,128.0
5040,130.0
5041,128.0
5042,129.0
5043,129.0
5044,129.0
5045,127.0
5046,127.0
5047,126.0
5048,127.0
5049,127.0
5050,127.0
5051,126.0
5052,127.0
5053,127.0
5054,127.0
5055,126.0
5056,127.0
5057,127.0
5058,127.0
5059,127.0
5060,127.0
5061,126.0
5062,127.0
5063,126.0
5064,126.0
5065,126.0
5066,127.0
5067,126.0
5068,126.0
5069,126.0
5070,126.0
5071,126.0
5072,127.0
5073,126.0
5074,126.0
5075,126.0
5076,127.0
5077,126.0
5078,127.0
5079,126.0
5080,127.0
5081,126.0
5082,127.0
5083,126.0
5084,126.0
5085,127.0
5086,126.0
5087,126.0
5088,127.0
5089,127.0
5090,126.0
5091,126.0
5092,126.0
5093,126.0
5094,127.0
5095,126.0
5096,126.0
5097,126.0
5098,127.0
5099,126.0
5100,127.0
5101,126.0
5102,126.0
5103,126.0
5104,127.0
5105,126.0
5106,127.0
5107,126.0
5108,127.0
5109,127.0
5110,127.0
5111,126.0
5112,127.0
5113,126.0
5114,126.0
5115,126.0
5116,127.0
5117,127.0
5118,126.0
5119,126.0
5120,127.0
5121,127.0
5122,126.0
5123,126.0
5124,126.0
5125,126.0
5126,126.0
5127,127.0
5128,127.0
5129,126.0
5130,127.0
5131,126.0
5132,126.0
5133,126.0
5134,126.0
5135,127.0
5136,126.0
5137,127.0
5138,126.0
5139,126.0
5140,126.0
5141,127.0
5142,130.0
5143,127.0
5144,126.0
5145,127.0
5146,127.0
5147,127.0
5148,126.0
5149,127.0
5150,127.0
5151,127.0
5152,127.0
5153,127.0
5154,127.0
5155,127.0
5156,126.0
5157,127.0
5158,126.0
5159,127.0
5160,127.0
5161,127.0
5162,127.0
5163,126.0
5164,126.0
5165,127.0
5166,126.0
5167,126.0
5168,126.0
5169,127.0
5170,127.0
5171,127.0
5172,127.0
5173,126.0
5174,127.0
5175,127.0
5176,126.0
5177,126.0
5178,126.0
5179,127.0
5180,126.0
5181,127.0
5182,127.0
5183,128.0
5184,129.0
5185,130.0
5186,128.0
5187,129.0
5188,128.0
5189,129.0
5190,130.0
5191,128.0
5192,129.0
5193,129.0
5194,128.0
5195,128.0
5196,129.0
5197,128.0
5198,129.0
5199,128.0
5200,128.0
5201,128.0
5202,127.0
5203,127.0
5204,127.0
5205,126.0
5206,127.0
5207,126.0
5208,127.0
5209,127.0
5210,127.0
5211,127.0
5212,126.0
5213,127.0
5214,127.0
5215,127.0
5216,127.0
5217,127.0
5218,127.0
5219,127.0
5220,127.0
5221,127.0
5222,127.0
5223,127.0
5224,126.0
5225,127.0
5226,127.0
5227,126.0
5228,126.0
5229,126.0
5230,127.0
5231,126.0
5232,127.0
5233,127.0
5234,127.0
5235,126.0
5236,127.0
5237,127.0
5238,127.0
5239,126.0
5240,126.0
5241,127.0
5242,126.0
5243,127.0
5244,127.0
5245,127.0
5246,126.0
5247,126.0
5248,127.0
5249,127.0
5250,127.0
5251,126.0
5252,126.0
5253,127.0
5254,127.0
5255,126.0
5256,126.0
5257,126.0
5258,126.0
5259,126.0
5260,127.0
5261,126.0
5262,126.0
5263,127.0
5264,127.0
5265,126.0
5266,127.0
5267,127.0
5268,126.0
5269,126.0
5270,126.0
5271,126.0
5272,127.0
5273,127.0
5274,127.0
5275,128.0
5276,126.0
5277,126.0
5278,127.0
5279,126.0
5280,127.0
5281,126.0
5282,127.0
5283,126.0
5284,127.0
5285,126.0
5286,127.0
5287,127.0
5288,127.0
5289,127.0
5290,127.0
5291,127.0
5292,126.0
5293,126.0
5294,127.0
5295,127.0
5296,126.0
5297,126.0
5298,126.0
5299,127.0
5300,126.0
5301,127.0
5302,127.0
5303,127.0
5304,127.0
5305,128.0
5306,
5307,
5308,
5309,
5310,
5311,
5312,
5313,
5314,
5315,
5316,
5317,
5318,
5319,
5320,
5321,
5322,
5323,
5324,
5325,
5326,
5327,
5328,
5329,
5330,
5331,
5332,
5333,
5334,
5335,
5336,
5337,
5338,
5339,
5340,
5341,
5342,
5343,
5344,
5345,
5346,
5347,
5348,
5349,
5350,
5351,
5352,
5353,
5354,
5355,
5356,
5357,
5358,
5359,
5360,
5361,
5362,
5363,
5364,
5365,
5366,
5367,
5368,
5369,
5370,
5371,
5372,
5373,
5374,
5375,
5376,
5377,
5378,
5379,
5380,
5381,
5382,
5383,
5384,
5385,
5386,
5387,
5388,
5389,
5390,
5391,
5392,
5393,
5394,
5395,
5396,
5397,
5398,
5399,
5400,
5401,
5402,
5403,
5404,
5405,
5406,
5407,
5408,
5409,
5410,
5411,
5412,
5413,
5414,
5415,
5416,
5417,
5418,
5419,
5420,
5421,
5422,
5423,
5424,
5425,
5426,
5427,
5428,
5429,
5430,
5431,
5432,
5433,
5434,
5435,
5436,
5437,
5438,
5439,
5440,
5441,
5442,
5443,
5444,
5445,
5446,
5447,
5448,
5449,
5450,
5451,
5452,
5453,
5454,
5455,
5456,
5457,
5458,
5459,
5460,
5461,
5462,
5463,
5464,
5465,
5466,
5467,
5468,
5469,
5470,
5471,
5472,
5473,
5474,
5475,
5476,
5477,
5478,
5479,
5480,
5481,
5482,
5483,
5484,
5485,
5486,
5487,
5488,
5489,
5490,
5491,
5492,
5493,
5494,
5495,
5496,
5497,
5498,
5499,
5500,
5501,
5502,
5503,
5504,
5505,
5506,
5507,
5508,
5509,
5510,
5511,
5512,
5513,
5514,
5515,
5516,
5517,
5518,
5519,
5520,
5521,
5522,
5523,
5524,
5525,
5526,
5527,
5528,
5529,
5530,
5531,
5532,
5533,
5534,
5535,
5536,
5537,
5538,
5539,
5540,
5541,
5542,
5543,
5544,
5545,
5546,
5547,
5548,
5549,
5550,
5551,
5552,
5553,
5554,
5555,
5556,
5557,
5558,
5559,
5560,
5561,
5562,
5563,
5564,
5565,
5566,
5567,
5568,
5569,
5570,
5571,
5572,
5573,
5574,
5575,
5576,
5577,
5578,
5579,
5580,
5581,
5582,
5583,
5584,
5585,
5586,
5587,
5588,
5589,
5590,
5591,
5592,
5593,
5594,
5595,
5596,
5597,
5598,
5599,
5600,
5601,
5602,
5603,
5604,
5605,
5606,
5607,
5608,
5609,
5610,
5611,
5612,
5613,
5614,
5615,
5616,
5617,
5618,
5619,
5620,
5621,
5622,
5623,
5624,
5625,
5626,
5627,
5628,
5629,
5630,
5631,
5632,
5633,
5634,
5635,
5636,
5637,
5638,
5639,
5640,
5641,
5642,
5643,
5644,
5645,
5646,
5647,
5648,
5649,
5650,
5651,
5652,
5653,
5654,
5655,
5656,
5657,
5658,
5659,
5660,
5661,
5662,
5663,
5664,
5665,
5666,
5667,
5668,
5669,
5670,
5671,
5672,
5673,
5674,
5675,
5676,
5677,
5678,
5679,
5680,
5681,
5682,
5683,
5684,
5685,
5686,
5687,
5688,
5689,
5690,
5691,
5692,
5693,
5694,
5695,
5696,
5697,
5698,
5699,
5700,
5701,
5702,
5703,
5704,
5705,
5706,
5707,
5708,
5709,
5710,
5711,
5712,
5713,
5714,
5715,
5716,
5717,
5718,
5719,
5720,
5721,
5722,
5723,
5724,
5725,
5726,
5727,
5728,
5729,
5730,
5731,
5732,
5733,
5734,
5735,
5736,
5737,
5738,
5739,
5740,
5741,
5742,
5743,
5744,
5745,
5746,
5747,
5748,
5749,
5750,
5751,
5752,
5753,
5754,
5755,
5756,
5757,
5758,
5759,
5760,
5761,
5762,
5763,
5764,
5765,
5766,
5767,
5768,
5769,
5770,
5771,
5772,
5773,
5774,
5775,
5776,
5777,
5778,
5779,
5780,
5781,
5782,
5783,
5784,
5785,
5786,
5787,
5788,
5789,
5790,
5791,
5792,
5793,
5794,
5795,
5796,
5797,
5798,
5799,
5800,
5801,
5802,
5803,
5804,
5805,
5806,
5807,
5808,
5809,
5810,
5811,
5812,
5813,
5814,
5815,
5816,
5817,
5818,
5819,
5820,
5821,
5822,
5823,
5824,
5825,
5826,
5827,
5828,
5829,
5830,
5831,
5832,
5833,
5834,
5835,
5836,
5837,
5838,
5839,
5840,
5841,
5842,
5843,
5844,
5845,
5846,
5847,
5848,
5849,
5850,
5851,
5852,
5853,
5854,
5855,
5856,
5857,
5858,
5859,
5860,
5861,
5862,
5863,
5864,
5865,
5866,
5867,
5868,
5869,
5870,
5871,
5872,
5873,
5874,
5875,
5876,
5877,
5878,
5879,
5880,
5881,
5882,
5883,
5884,
5885,
5886,
5887,
5888,
5889,
5890,
5891,
5892,
5893,
5894,
5895,
5896,
5897,
5898,
5899,
5900,
5901,
5902,
5903,
5904,
5905,
5906,
5907,
5908,
5909,
5910,147.0
5911,149.0
5912,148.0
5913,149.0
5914,149.0
5915,149.0
5916,148.0
5917,147.0
5918,146.0
5919,147.0
5920,146.0
5921,146.0
5922,149.0
5923,149.0
5924,147.0
5925,147.0
5926,146.0
5927,146.0
5928,146.0
5929,146.0
5930,147.0
5931,147.0
5932,147.0
5933,148.0
5934,148.0
5935,148.0
5936,148.0
5937,148.0
5938,147.0
5939,148.0
5940,148.0
5941,148.0
5942,147.0
5943,147.0
5944,147.0
5945,148.0
5946,147.0
5947,145.0
5948,145.0
5949,146.0
5950,146.0
5951,146.0
5952,145.0
5953,144.0
5954,144.0
5955,145.0
5956,145.0
5957,145.0
5958,145.0
5959,145.0
5960,145.0
5961,146.0
5962,145.0
5963,145.0
5964,145.0
5965,145.0
5966,145.0
5967,145.0
5968,145.0
5969,145.0
5970,145.0
5971,145.0
5972,146.0
5973,145.0
5974,146.0
5975,146.0
5976,146.0
5977,146.0
5978,145.0
5979,145.0
5980,145.0
5981,145.0
5982,146.0
5983,145.0
5984,145.0
5985,145.0
5986,145.0
5987,145.0
5988,145.0
5989,146.0
5990,145.0
5991,146.0
5992,146.0
5993,147.0
5994,146.0
5995,147.0
5996,148.0
5997,147.0
5998,147.0
5999,148.0
6000,149.0
6001,149.0
6002,149.0
6003,149.0
6004,150.0
6005,149.0
6006,150.0
6007,150.0
6008,150.0
6009,150.0
6010,149.0
6011,149.0
6012,148.0
6013,148.0
6014,149.0
6015,149.0
6016,148.0
6017,149.0
6018,149.0
6019,151.0
6020,151.0
6021,194.0
6022,294.0
6023,299.0
6024,292.0
6025,298.0
6026,296.0
6027,305.0
6028,293.0
6029,316.0
6030,314.0
6031,305.0
6032,305.0
6033,306.0
6034,304.0
6035,305.0
6036,305.0
6037,310.0
6038,319.0
6039,317.0
6040,323.0
6041,322.0
6042,310.0
6043,309.0
6044,126.0
6045,123.0
6046,124.0
6047,122.0
6048,123.0
6049,123.0
6050,122.0
6051,122.0
6052,123.0
6053,122.0
6054,123.0
6055,123.0
6056,123.0
6057,124.0
6058,123.0
6059,123.0
6060,123.0
6061,123.0
6062,122.0
6063,122.0
6064,121.0
6065,121.0
6066,122.0
6067,121.0
6068,121.0
6069,121.0
6070,121.0
6071,121.0
6072,121.0
6073,121.0
6074,122.0
6075,121.0
6076,122.0
6077,122.0
6078,121.0
6079,122.0
6080,121.0
6081,122.0
6082,121.0
6083,121.0
6084,121.0
6085,121.0
6086,121.0
6087,121.0
6088,121.0
6089,121.0
6090,121.0
6091,121.0
6092,121.0
6093,121.0
6094,121.0
6095,121.0
6096,121.0
6097,121.0
6098,120.0
6099,121.0
6100,121.0
6101,121.0
6102,122.0
6103,122.0
6104,121.0
6105,121.0
6106,121.0
6107,121.0
6108,120.0
6109,121.0
6110,121.0
6111,121.0
6112,121.0
6113,121.0
6114,121.0
6115,121.0
6116,121.0
6117,121.0
6118,121.0
6119,121.0
6120,122.0
6121,122.0
6122,120.0
6123,121.0
6124,121.0
6125,121.0
6126,121.0
6127,120.0
6128,121.0
6129,121.0
6130,121.0
6131,121.0
6132,121.0
6133,121.0
6134,121.0
6135,121.0
6136,121.0
6137,121.0
6138,121.0
6139,122.0
6140,122.0
6141,121.0
6142,121.0
6143,121.0
6144,121.0
6145,122.0
6146,122.0
6147,121.0
6148,122.0
6149,122.0
6150,121.0
6151,122.0
6152,121.0
6153,121.0
6154,121.0
6155,121.0
6156,122.0
6157,121.0
6158,122.0
6159,121.0
6160,121.0
6161,121.0
6162,122.0
6163,121.0
6164,121.0
6165,121.0
6166,122.0
6167,121.0
6168,122.0
6169,122.0
6170,121.0
6171,122.0
6172,122.0
6173,121.0
6174,121.0
6175,121.0
6176,121.0
6177,121.0
6178,121.0
6179,122.0
6180,121.0
6181,121.0
6182,122.0
6183,121.0
6184,121.0
6185,122.0
6186,122.0
6187,122.0
6188,122.0
6189,122.0
6190,121.0
6191,122.0
6192,122.0
6193,122.0
6194,122.0
6195,122.0
6196,122.0
6197,122.0
6198,123.0
6199,123.0
6200,125.0
6201,125.0
6202,127.0
6203,126.0
6204,125.0
6205,126.0
6206,126.0
6207,127.0
6208,126.0
6209,127.0
6210,128.0
6211,127.0
6212,128.0
6213,128.0
6214,127.0
6215,129.0
6216,129.0
6217,129.0
6218,128.0
6219,128.0
6220,128.0
6221,129.0
6222,127.0
6223,127.0
6224,127.0
6225,128.0
6226,129.0
6227,129.0
6228,129.0
6229,128.0
6230,129.0
6231,129.0
6232,128.0
6233,129.0
6234,129.0
6235,128.0
6236,129.0
6237,128.0
6238,129.0
6239,129.0
6240,129.0
6241,129.0
6242,128.0
6243,128.0
6244,129.0
6245,128.0
6246,129.0
6247,129.0
6248,128.0
6249,128.0
6250,128.0
6251,128.0
6252,128.0
6253,128.0
6254,128.0
6255,128.0
6256,128.0
6257,128.0
6258,128.0
6259,128.0
6260,128.0
6261,128.0
6262,128.0
6263,128.0
6264,128.0
6265,128.0
6266,128.0
6267,128.0
6268,128.0
6269,128.0
6270,128.0
6271,128.0
6272,128.0
6273,128.0
6274,128.0
6275,128.0
6276,128.0
6277,129.0
6278,128.0
6279,128.0
6280,128.0
6281,128.0
6282,128.0
6283,128.0
6284,128.0
6285,128.0
6286,128.0
6287,128.0
6288,128.0
6289,129.0
6290,128.0
6291,129.0
6292,129.0
6293,128.0
6294,128.0
6295,129.0
6296,128.0
6297,128.0
6298,126.0
6299,121.0
6300,121.0
6301,121.0
6302,121.0
6303,121.0
6304,121.0
6305,120.0
6306,120.0
6307,121.0
6308,121.0
6309,121.0
6310,121.0
6311,121.0
6312,121.0
6313,121.0
6314,141.0
6315,216.0
6316,184.0
6317,182.0
6318,179.0
6319,162.0
6320,170.0
6321,175.0
6322,212.0
6323,223.0
6324,183.0
6325,178.0
6326,177.0
6327,175.0
6328,179.0
6329,179.0
6330,183.0
6331,180.0
6332,185.0
6333,184.0
6334,183.0
6335,175.0
6336,181.0
6337,177.0
6338,178.0
6339,174.0
6340,177.0
6341,170.0
6342,147.0
6343,
6344,
6345,
6346,
6347,
6348,
6349,
6350,
6351,
6352,
6353,
6354,
6355,
6356,
6357,
6358,
6359,
6360,
6361,
6362,
6363,
6364,
6365,
6366,
6367,
6368,
6369,
6370,
6371,
6372,
6373,
6374,
6375,
6376,
6377,
6378,
6379,
6380,
6381,
6382,
6383,
6384,
6385,
6386,
6387,
6388,
6389,
6390,
6391,
6392,
6393,
6394,
6395,
6396,
6397,
6398,
6399,
6400,
6401,
6402,
6403,
6404,
6405,
6406,
6407,
6408,
6409,
6410,
6411,
6412,
6413,
6414,
6415,
6416,
6417,
6418,
6419,
6420,
6421,
6422,
6423,
6424,
6425,
6426,
6427,
6428,
6429,
6430,
6431,
6432,
6433,
6434,
6435,
6436,
6437,
6438,
6439,
6440,
6441,
6442,
6443,
6444,
6445,
6446,
6447,
6448,
6449,
6450,
6451,
6452,
6453,
6454,
6455,
6456,
6457,
6458,
6459,
6460,
6461,
6462,
6463,
6464,
6465,
6466,
6467,
6468,
6469,
6470,
6471,
6472,
6473,
6474,
6475,
6476,
6477,
6478,
6479,
6480,
6481,
6482,
6483,
6484,
6485,
6486,
6487,
6488,
6489,
6490,
6491,
6492,
6493,
6494,
6495,
6496,
6497,
6498,
6499,
6500,
6501,
6502,
6503,
6504,
6505,
6506,
6507,
6508,
6509,
6510,
6511,
6512,
6513,
6514,
6515,
6516,
6517,
6518,
6519,
6520,
6521,
6522,
6523,
6524,
6525,
6526,
6527,
6528,
6529,
6530,
6531,
6532,
6533,
6534,
6535,
6536,
6537,
6538,
6539,
6540,
6541,
6542,
6543,
6544,
6545,
6546,
6547,
6548,
6549,
6550,
6551,
6552,
6553,
6554,
6555,
6556,
6557,
6558,
6559,
6560,
6561,
6562,
6563,
6564,
6565,
6566,
6567,
6568,
6569,
6570,
6571,
6572,
6573,
6574,
6575,
6576,
6577,
6578,
6579,
6580,
6581,
6582,
6583,
6584,
6585,
6586,
6587,
6588,
6589,
6590,
6591,
6592,
6593,
6594,
6595,
6596,
6597,
6598,
6599,
6600,
6601,
6602,
6603,
6604,
6605,
6606,
6607,
6608,
6609,
6610,
6611,
6612,
6613,
6614,
6615,
6616,
6617,
6618,
6619,
6620,
6621,
6622,
6623,
6624,
6625,
6626,
6627,
6628,
6629,
6630,
6631,
6632,
6633,
6634,
6635,
6636,
6637,
6638,
6639,
6640,
6641,
6642,
6643,
6644,
6645,
6646,
6647,
6648,
6649,
6650,
6651,
6652,
6653,
6654,
6655,
6656,
6657,
6658,
6659,
6660,
6661,
6662,
6663,
6664,
6665,
6666,
6667,
6668,
6669,
6670,
6671,
6672,
6673,
6674,
6675,
6676,
6677,
6678,
6679,
6680,
6681,
6682,
6683,
6684,
6685,
6686,
6687,
6688,
6689,
6690,
6691,
6692,
6693,
6694,
6695,
6696,
6697,
6698,
6699,
6700,
6701,
6702,
6703,
6704,
6705,
6706,
6707,
6708,
6709,
6710,
6711,
6712,
6713,
6714,
6715,
6716,
6717,
6718,
6719,
6720,
6721,
6722,
6723,
6724,
6725,
6726,
6727,
6728,
6729,
6730,
6731,
6732,
6733,
6734,
6735,
6736,
6737,
6738,
6739,
6740,
6741,
6742,
6743,
6744,
6745,
6746,
6747,
6748,
6749,
6750,
6751,
6752,
6753,
6754,
6755,
6756,
6757,
6758,
6759,
6760,
6761,
6762,
6763,
6764,
6765,
6766,
6767,
6768,
6769,
6770,
6771,
6772,
6773,
6774,
6775,
6776,
6777,
6778,
6779,
6780,
6781,
6782,
6783,
6784,
6785,
6786,
6787,
6788,
6789,
6790,
6791,
6792,
6793,
6794,
6795,
6796,
6797,
6798,
6799,
6800,
6801,
6802,
6803,
6804,
6805,
6806,
6807,
6808,
6809,
6810,
6811,
6812,
6813,
6814,
6815,
6816,
6817,
6818,
6819,
6820,
6821,
6822,
6823,
6824,
6825,
6826,
6827,
6828,
6829,
6830,
6831,
6832,
6833,
6834,
6835,
6836,
6837,
6838,
6839,
6840,
6841,
6842,
6843,
6844,
6845,
6846,
6847,
6848,
6849,
6850,
6851,
6852,
6853,
6854,
6855,
6856,
6857,
6858,
6859,
6860,
6861,
6862,
6863,
6864,
6865,
6866,
6867,
6868,
6869,
6870,
6871,
6872,
6873,
6874,
6875,
6876,
6877,
6878,
6879,
6880,
6881,
6882,
6883,
6884,
6885,
6886,
6887,
6888,
6889,
6890,
6891,
6892,
6893,
6894,
6895,
6896,
6897,
6898,
6899,
6900,
6901,
6902,
6903,
6904,
6905,
6906,
6907,
6908,
6909,
6910,
6911,
6912,
6913,
6914,
6915,
6916,
6917,
6918,
6919,
6920,
6921,
6922,127.0
6923,125.0
6924,125.0
6925,125.0
6926,125.0
6927,126.0
6928,124.0
6929,126.0
6930,125.0
6931,124.0
6932,125.0
6933,124.0
6934,124.0
6935,125.0
6936,124.0
6937,125.0
6938,125.0
6939,125.0
6940,124.0
6941,123.0
6942,123.0
6943,123.0
6944,123.0
6945,124.0
6946,123.0
6947,123.0
6948,122.0
6949,124.0
6950,123.0
6951,123.0
6952,124.0
6953,123.0
6954,124.0
6955,123.0
6956,123.0
6957,123.0
6958,123.0
6959,123.0
6960,123.0
6961,123.0
6962,123.0
6963,123.0
6964,123.0
6965,122.0
6966,123.0
6967,123.0
6968,123.0
6969,123.0
6970,123.0
6971,123.0
6972,122.0
6973,123.0
6974,123.0
6975,122.0
6976,123.0
6977,122.0
6978,123.0
6979,123.0
6980,123.0
6981,123.0
6982,122.0
6983,123.0
6984,122.0
6985,123.0
6986,122.0
6987,123.0
6988,123.0
6989,123.0
6990,123.0
6991,123.0
6992,123.0
6993,122.0
6994,123.0
6995,122.0
6996,122.0
6997,122.0
6998,123.0
6999,123.0
7000,123.0
7001,122.0
7002,123.0
7003,123.0
7004,123.0
7005,123.0
7006,124.0
7007,124.0
7008,123.0
7009,123.0
7010,124.0
7011,124.0
7012,124.0
7013,124.0
7014,123.0
7015,124.0
7016,123.0
7017,124.0
7018,124.0
7019,124.0
7020,124.0
7021,124.0
7022,124.0
7023,124.0
7024,124.0
7025,124.0
7026,124.0
7027,124.0
7028,124.0
7029,124.0
7030,124.0
7031,124.0
7032,123.0
7033,124.0
7034,124.0
7035,123.0
7036,124.0
7037,124.0
7038,123.0
7039,123.0
7040,123.0
7041,124.0
7042,123.0
7043,124.0
7044,124.0
7045,123.0
7046,123.0
7047,123.0
7048,124.0
7049,124.0
7050,124.0
7051,123.0
7052,123.0
7053,124.0
7054,123.0
7055,123.0
7056,123.0
7057,123.0
7058,123.0
7059,124.0
7060,124.0
7061,123.0
7062,123.0
7063,124.0
7064,123.0
7065,123.0
7066,123.0
7067,123.0
7068,123.0
7069,123.0
7070,123.0
7071,122.0
7072,123.0
7073,122.0
7074,122.0
7075,123.0
7076,123.0
7077,123.0
7078,125.0
7079,124.0
7080,125.0
7081,125.0
7082,125.0
7083,126.0
7084,125.0
7085,125.0
7086,125.0
7087,125.0
7088,126.0
7089,125.0
7090,125.0
7091,126.0
7092,124.0
7093,125.0
7094,124.0
7095,124.0
7096,125.0
7097,123.0
7098,123.0
7099,123.0
7100,124.0
7101,123.0
7102,123.0
7103,123.0
7104,123.0
7105,123.0
7106,123.0
7107,124.0
7108,123.0
7109,124.0
7110,123.0
7111,123.0
7112,123.0
7113,123.0
7114,123.0
7115,123.0
7116,122.0
7117,122.0
7118,123.0
7119,123.0
7120,123.0
7121,123.0
7122,123.0
7123,123.0
7124,123.0
7125,123.0
7126,123.0
7127,123.0
7128,123.0
7129,122.0
7130,123.0
7131,123.0
7132,123.0
7133,123.0
7134,123.0
7135,123.0
7136,122.0
7137,123.0
7138,123.0
7139,123.0
7140,123.0
7141,123.0
7142,123.0
7143,123.0
7144,123.0
7145,122.0
7146,123.0
7147,124.0
7148,123.0
7149,123.0
7150,123.0
7151,123.0
7152,123.0
7153,123.0
7154,124.0
7155,123.0
7156,123.0
7157,124.0
7158,124.0
7159,124.0
7160,123.0
7161,124.0
7162,123.0
7163,123.0
7164,124.0
7165,123.0
7166,124.0
7167,124.0
7168,123.0
7169,124.0
7170,124.0
7171,124.0
7172,124.0
7173,123.0
7174,123.0
7175,123.0
7176,124.0
7177,124.0
7178,124.0
7179,123.0
7180,123.0
7181,123.0
7182,123.0
7183,123.0
7184,123.0
7185,124.0
7186,123.0
7187,123.0
7188,123.0
7189,124.0
7190,123.0
7191,124.0
7192,161.0
7193,175.0
7194,234.0
7195,226.0
7196,150.0
7197,124.0
7198,123.0
7199,123.0
7200,123.0
7201,123.0
7202,123.0
7203,123.0
7204,122.0
7205,123.0
7206,123.0
7207,123.0
7208,122.0
7209,123.0
7210,123.0
7211,123.0
7212,123.0
7213,123.0
7214,123.0
7215,123.0
7216,123.0
7217,123.0
7218,123.0
7219,122.0
7220,122.0
7221,123.0
7222,123.0
7223,123.0
7224,123.0
7225,123.0
7226,122.0
7227,123.0
7228,123.0
7229,123.0
7230,123.0
7231,123.0
7232,123.0
7233,123.0
7234,125.0
7235,125.0
7236,125.0
7237,125.0
7238,125.0
7239,126.0
7240,125.0
7241,126.0
7242,125.0
7243,125.0
7244,125.0
7245,125.0
7246,125.0
7247,125.0
7248,124.0
7249,125.0
7250,124.0
7251,124.0
7252,124.0
7253,123.0
7254,123.0
7255,124.0
7256,123.0
7257,123.0
7258,123.0
7259,123.0
7260,123.0
7261,123.0
7262,123.0
7263,123.0
7264,123.0
7265,123.0
7266,123.0
7267,123.0
7268,123.0
7269,123.0
7270,122.0
7271,123.0
7272,123.0
7273,123.0
7274,123.0
7275,122.0
7276,123.0
7277,123.0
7278,122.0
7279,123.0
7280,123.0
7281,122.0
7282,122.0
7283,123.0
7284,122.0
7285,122.0
7286,123.0
7287,123.0
7288,123.0
7289,122.0
7290,123.0
7291,123.0
7292,123.0
7293,123.0
7294,123.0
7295,124.0
7296,123.0
7297,123.0
7298,123.0
7299,124.0
7300,123.0
7301,123.0
7302,123.0
7303,123.0
7304,123.0
7305,123.0
7306,123.0
7307,124.0
7308,123.0
7309,123.0
7310,123.0
7311,123.0
7312,123.0
7313,123.0
7314,123.0
7315,123.0
7316,123.0
7317,123.0
7318,124.0
7319,123.0
7320,123.0
7321,123.0
7322,123.0
7323,123.0
7324,123.0
7325,123.0
7326,123.0
7327,123.0
7328,123.0
7329,123.0
7330,124.0
7331,123.0
7332,123.0
7333,123.0
7334,124.0
7335,124.0
7336,123.0
7337,124.0
7338,123.0
7339,124.0
7340,124.0
7341,123.0
7342,123.0
7343,123.0
7344,123.0
7345,123.0
7346,123.0
7347,123.0
7348,123.0
7349,123.0
7350,123.0
7351,123.0
7352,123.0
7353,123.0
7354,123.0
7355,123.0
7356,123.0
7357,123.0
7358,123.0
7359,123.0
7360,123.0
7361,122.0
7362,123.0
7363,122.0
7364,123.0
7365,123.0
7366,123.0
7367,123.0
7368,123.0
7369,123.0
7370,123.0
7371,122.0
7372,123.0
7373,122.0
7374,123.0
7375,123.0
7376,122.0
7377,123.0
7378,123.0
7379,122.0
7380,122.0
7381,123.0
7382,123.0
7383,123.0
7384,124.0
7385,124.0
7386,123.0
7387,123.0
7388,123.0
7389,123.0
7390,125.0
7391,125.0
7392,126.0
7393,125.0
7394,125.0
7395,125.0
7396,125.0
7397,125.0
7398,125.0
7399,125.0
7400,124.0
7401,125.0
7402,125.0
7403,124.0
7404,125.0
7405,125.0
7406,124.0
7407,125.0
7408,124.0
7409,123.0
7410,124.0
7411,123.0
7412,123.0
7413,123.0
7414,123.0
7415,123.0
7416,123.0
7417,123.0
7418,123.0
7419,123.0
7420,123.0
7421,123.0
7422,122.0
7423,123.0
7424,123.0
7425,123.0
7426,123.0
7427,123.0
7428,123.0
7429,123.0
7430,123.0
7431,123.0
7432,123.0
7433,123.0
7434,122.0
7435,123.0
7436,123.0
7437,123.0
7438,122.0
7439,123.0
7440,122.0
7441,123.0
7442,123.0
7443,123.0
7444,123.0
7445,123.0
7446,122.0
7447,122.0
7448,123.0
7449,122.0
7450,123.0
7451,123.0
7452,123.0
7453,122.0
7454,122.0
7455,123.0
7456,123.0
7457,123.0
7458,123.0
7459,123.0
7460,123.0
7461,123.0
7462,123.0
7463,123.0
7464,122.0
7465,123.0
7466,123.0
7467,122.0
7468,123.0
7469,122.0
7470,122.0
7471,124.0
7472,123.0
7473,123.0
7474,122.0
7475,122.0
7476,123.0
7477,123.0
7478,122.0
7479,123.0
7480,123.0
7481,123.0
7482,123.0
7483,123.0
7484,122.0
7485,123.0
7486,122.0
7487,123.0
7488,123.0
7489,123.0
7490,123.0
7491,122.0
7492,123.0
7493,122.0
7494,123.0
7495,123.0
7496,122.0
7497,122.0
7498,122.0
7499,122.0
7500,123.0
7501,122.0
7502,122.0
7503,123.0
7504,122.0
7505,122.0
7506,123.0
7507,123.0
7508,122.0
7509,123.0
7510,122.0
7511,122.0
7512,122.0
7513,123.0
7514,123.0
7515,122.0
7516,122.0
7517,123.0
7518,122.0
7519,122.0
7520,122.0
7521,122.0
7522,122.0
7523,122.0
7524,123.0
7525,122.0
7526,122.0
7527,122.0
7528,122.0
7529,123.0
7530,122.0
7531,123.0
7532,123.0
7533,122.0
7534,123.0
7535,122.0
7536,123.0
7537,123.0
7538,123.0
7539,123.0
7540,123.0
7541,123.0
7542,122.0
7543,123.0
7544,122.0
7545,123.0
7546,125.0
7547,125.0
7548,125.0
7549,125.0
7550,124.0
7551,124.0
7552,126.0
7553,125.0
7554,124.0
7555,124.0
7556,125.0
7557,125.0
7558,124.0
7559,124.0
7560,125.0
7561,124.0
7562,124.0
7563,124.0
7564,123.0
7565,123.0
7566,123.0
7567,123.0
7568,122.0
7569,123.0
7570,123.0
7571,123.0
7572,123.0
7573,123.0
7574,123.0
7575,123.0
7576,124.0
7577,124.0
7578,123.0
7579,123.0
7580,122.0
7581,123.0
7582,123.0
7583,123.0
7584,123.0
7585,124.0
7586,123.0
7587,124.0
7588,123.0
7589,123.0
7590,123.0
7591,122.0
7592,123.0
7593,123.0
7594,123.0
7595,123.0
7596,123.0
7597,122.0
7598,123.0
7599,123.0
7600,123.0
7601,122.0
7602,123.0
7603,123.0
7604,123.0
7605,123.0
7606,123.0
7607,123.0
7608,122.0
7609,123.0
7610,122.0
7611,123.0
7612,122.0
7613,123.0
7614,123.0
7615,123.0
7616,123.0
7617,123.0
7618,123.0
7619,123.0
7620,123.0
7621,123.0
7622,123.0
7623,123.0
7624,122.0
7625,123.0
7626,122.0
7627,123.0
7628,123.0
7629,123.0
7630,123.0
7631,123.0
7632,122.0
7633,122.0
7634,122.0
7635,122.0
7636,123.0
7637,123.0
7638,123.0
7639,123.0
7640,123.0
7641,123.0
7642,123.0
7643,122.0
7644,122.0
7645,123.0
7646,123.0
7647,123.0
7648,122.0
7649,123.0
7650,122.0
7651,123.0
7652,122.0
7653,123.0
7654,123.0
7655,123.0
7656,123.0
7657,123.0
7658,123.0
7659,122.0
7660,123.0
7661,123.0
7662,122.0
7663,123.0
7664,123.0
7665,123.0
7666,123.0
7667,123.0
7668,124.0
7669,123.0
7670,123.0
7671,123.0
7672,123.0
7673,123.0
7674,123.0
7675,123.0
7676,122.0
7677,123.0
7678,123.0
7679,123.0
7680,123.0
7681,123.0
7682,123.0
7683,123.0
7684,123.0
7685,122.0
7686,123.0
7687,123.0
7688,123.0
7689,123.0
7690,123.0
7691,122.0
7692,123.0
7693,122.0
7694,123.0
7695,122.0
7696,123.0
7697,123.0
7698,123.0
7699,123.0
7700,123.0
7701,123.0
7702,125.0
7703,125.0
7704,125.0
7705,125.0
7706,125.0
7707,126.0
7708,124.0
7709,125.0
7710,124.0
7711,125.0
7712,125.0
7713,124.0
7714,124.0
7715,125.0
7716,124.0
7717,125.0
7718,124.0
7719,125.0
7720,124.0
7721,123.0
7722,123.0
7723,123.0
7724,124.0
7725,123.0
7726,123.0
7727,123.0
7728,123.0
7729,123.0
7730,123.0
7731,124.0
7732,124.0
7733,124.0
7734,123.0
7735,123.0
7736,124.0
7737,123.0
7738,123.0
7739,124.0
7740,124.0
7741,123.0
7742,124.0
7743,124.0
7744,124.0
7745,123.0
7746,124.0
7747,123.0
7748,123.0
7749,123.0
7750,124.0
7751,123.0
7752,123.0
7753,123.0
7754,123.0
7755,123.0
7756,123.0
7757,123.0
7758,123.0
7759,123.0
7760,123.0
7761,123.0
7762,123.0
7763,124.0
7764,123.0
7765,123.0
7766,123.0
7767,123.0
7768,123.0
7769,123.0
7770,124.0
7771,123.0
7772,123.0
7773,123.0
7774,123.0
7775,123.0
7776,123.0
7777,123.0
7778,123.0
7779,123.0
7780,123.0
7781,123.0
7782,122.0
7783,123.0
7784,123.0
7785,123.0
7786,122.0
7787,122.0
7788,122.0
7789,122.0
7790,123.0
7791,123.0
7792,123.0
7793,122.0
7794,123.0
7795,123.0
7796,122.0
7797,122.0
7798,123.0
7799,123.0
7800,122.0
7801,123.0
7802,122.0
7803,122.0
7804,122.0
7805,122.0
7806,123.0
7807,122.0
7808,123.0
7809,123.0
7810,123.0
7811,123.0
7812,123.0
7813,123.0
7814,123.0
7815,123.0
7816,123.0
7817,123.0
7818,122.0
7819,122.0
7820,122.0
7821,122.0
7822,123.0
7823,122.0
7824,123.0
7825,123.0
7826,122.0
7827,123.0
7828,122.0
7829,122.0
7830,122.0
7831,122.0
7832,122.0
7833,122.0
7834,123.0
7835,122.0
7836,122.0
7837,123.0
7838,123.0
7839,123.0
7840,122.0
7841,122.0
7842,122.0
7843,123.0
7844,122.0
7845,122.0
7846,123.0
7847,123.0
7848,123.0
7849,123.0
7850,123.0
7851,124.0
7852,123.0
7853,123.0
7854,123.0
7855,123.0
7856,122.0
7857,123.0
7858,125.0
7859,125.0
7860,126.0
7861,125.0
7862,126.0
7863,125.0
7864,124.0
7865,126.0
7866,124.0
7867,125.0
7868,125.0
7869,125.0
7870,125.0
7871,124.0
7872,125.0
7873,125.0
7874,125.0
7875,125.0
7876,125.0
7877,123.0
7878,124.0
7879,123.0
7880,124.0
7881,123.0
7882,124.0
7883,123.0
7884,124.0
7885,124.0
7886,124.0
7887,124.0
7888,124.0
7889,123.0
7890,123.0
7891,123.0
7892,124.0
7893,123.0
7894,124.0
7895,123.0
7896,123.0
7897,124.0
7898,124.0
7899,123.0
7900,124.0
7901,123.0
7902,123.0
7903,124.0
7904,123.0
7905,123.0
7906,123.0
7907,123.0
7908,124.0
7909,124.0
7910,123.0
7911,123.0
7912,123.0
7913,123.0
7914,123.0
7915,123.0
7916,123.0
7917,123.0
7918,123.0
7919,123.0
7920,123.0
7921,123.0
7922,123.0
7923,123.0
7924,123.0
7925,123.0
7926,123.0
7927,123.0
7928,122.0
7929,122.0
7930,123.0
7931,122.0
7932,123.0
7933,123.0
7934,122.0
7935,123.0
7936,123.0
7937,123.0
7938,123.0
7939,122.0
7940,123.0
7941,122.0
7942,123.0
7943,122.0
7944,123.0
7945,123.0
7946,123.0
7947,123.0
7948,123.0
7949,123.0
7950,123.0
7951,122.0
7952,123.0
7953,122.0
7954,122.0
7955,123.0
7956,123.0
7957,122.0
7958,122.0
7959,123.0
7960,122.0
7961,122.0
7962,123.0
7963,122.0
7964,123.0
7965,122.0
7966,122.0
7967,122.0
7968,122.0
7969,123.0
7970,122.0
7971,122.0
7972,122.0
7973,123.0
7974,123.0
7975,123.0
7976,123.0
7977,123.0
7978,122.0
7979,122.0
7980,122.0
7981,123.0
7982,123.0
7983,122.0
7984,123.0
7985,123.0
7986,122.0
7987,122.0
7988,123.0
7989,123.0
7990,123.0
7991,123.0
7992,123.0
7993,123.0
7994,123.0
7995,122.0
7996,122.0
7997,123.0
7998,122.0
7999,123.0
8000,122.0
8001,123.0
8002,123.0
8003,123.0
8004,123.0
8005,122.0
8006,123.0
8007,123.0
8008,123.0
8009,123.0
8010,123.0
8011,123.0
8012,123.0
8013,123.0
8014,125.0
8015,125.0
8016,125.0
8017,125.0
8018,126.0
8019,125.0
8020,125.0
8021,126.0
8022,125.0
8023,126.0
8024,124.0
8025,125.0
8026,125.0
8027,125.0
8028,125.0
8029,125.0
8030,125.0
8031,125.0
8032,124.0
8033,186.0
8034,165.0
8035,221.0
8036,234.0
8037,233.0
8038,208.0
8039,169.0
8040,170.0
8041,171.0
8042,175.0
8043,200.0
8044,169.0
8045,150.0
8046,143.0
8047,149.0
8048,157.0
8049,154.0
8050,139.0
8051,150.0
8052,146.0
8053,147.0
8054,152.0
8055,146.0
8056,145.0
8057,136.0
8058,149.0
8059,147.0
8060,142.0
8061,149.0
8062,168.0
8063,165.0
8064,162.0
8065,153.0
8066,128.0
8067,131.0
8068,130.0
8069,131.0
8070,131.0
8071,131.0
8072,130.0
8073,130.0
8074,131.0
8075,131.0
8076,130.0
8077,131.0
8078,130.0
8079,130.0
8080,131.0
8081,131.0
8082,131.0
8083,131.0
8084,131.0
8085,130.0
8086,130.0
8087,130.0
8088,130.0
8089,131.0
8090,131.0
8091,130.0
8092,130.0
8093,130.0
8094,131.0
8095,131.0
8096,131.0
8097,130.0
8098,131.0
8099,131.0
8100,131.0
8101,131.0
8102,130.0
8103,131.0
8104,131.0
8105,130.0
8106,131.0
8107,131.0
8108,130.0
8109,130.0
8110,130.0
8111,130.0
8112,130.0
8113,132.0
8114,131.0
8115,130.0
8116,131.0
8117,131.0
8118,130.0
8119,130.0
8120,130.0
8121,130.0
8122,130.0
8123,130.0
8124,131.0
8125,130.0
8126,131.0
8127,131.0
8128,130.0
8129,131.0
8130,131.0
8131,131.0
8132,130.0
8133,130.0
8134,131.0
8135,130.0
8136,131.0
8137,131.0
8138,131.0
8139,131.0
8140,130.0
8141,131.0
8142,131.0
8143,131.0
8144,131.0
8145,131.0
8146,131.0
8147,131.0
8148,131.0
8149,131.0
8150,131.0
8151,130.0
8152,131.0
8153,131.0
8154,130.0
8155,130.0
8156,132.0
8157,131.0
8158,131.0
8159,131.0
8160,131.0
8161,131.0
8162,132.0
8163,132.0
8164,131.0
8165,134.0
8166,135.0
8167,131.0
8168,131.0
8169,132.0
8170,171.0
8171,243.0
8172,208.0
8173,201.0
8174,235.0
8175,215.0
8176,198.0
8177,178.0
8178,132.0
8179,134.0
8180,132.0
8181,133.0
8182,133.0
8183,133.0
8184,133.0
8185,134.0
8186,133.0
8187,133.0
8188,132.0
8189,132.0
8190,131.0
8191,131.0
8192,132.0
8193,131.0
8194,145.0
8195,241.0
8196,239.0
8197,209.0
8198,185.0
8199,172.0
8200,157.0
8201,172.0
8202,170.0
8203,162.0
8204,143.0
8205,131.0
8206,131.0
8207,131.0
8208,131.0
8209,131.0
8210,131.0
8211,131.0
8212,131.0
8213,131.0
8214,131.0
8215,131.0
8216,131.0
8217,131.0
8218,130.0
8219,130.0
8220,130.0
8221,130.0
8222,130.0
8223,132.0
8224,130.0
8225,130.0
8226,130.0
8227,130.0
8228,130.0
8229,130.0
8230,130.0
8231,130.0
8232,130.0
8233,131.0
8234,131.0
8235,130.0
8236,130.0
8237,130.0
8238,130.0
8239,130.0
8240,130.0
8241,130.0
8242,130.0
8243,130.0
8244,130.0
8245,130.0
8246,130.0
8247,130.0
8248,130.0
8249,131.0
8250,131.0
8251,130.0
8252,130.0
8253,130.0
8254,130.0
8255,130.0
8256,130.0
8257,130.0
8258,130.0
8259,130.0
8260,129.0
8261,131.0
8262,131.0
8263,130.0
8264,130.0
8265,130.0
8266,130.0
8267,131.0
8268,131.0
8269,130.0
8270,130.0
8271,130.0
8272,130.0
8273,130.0
8274,131.0
8275,130.0
8276,130.0
8277,130.0
8278,130.0
8279,130.0
8280,130.0
8281,130.0
8282,130.0
8283,130.0
8284,130.0
8285,131.0
8286,130.0
8287,130.0
8288,131.0
8289,130.0
8290,130.0
8291,131.0
8292,130.0
8293,131.0
8294,130.0
8295,130.0
8296,130.0
8297,130.0
8298,131.0
8299,130.0
8300,130.0
8301,130.0
8302,130.0
8303,131.0
8304,131.0
8305,130.0
8306,132.0
8307,131.0
8308,130.0
8309,131.0
8310,131.0
8311,130.0
8312,131.0
8313,131.0
8314,131.0
8315,131.0
8316,131.0
8317,131.0
8318,131.0
8319,130.0
8320,131.0
8321,131.0
8322,131.0
8323,131.0
8324,131.0
8325,132.0
8326,133.0
8327,134.0
8328,132.0
8329,134.0
8330,133.0
8331,133.0
8332,133.0
8333,132.0
8334,133.0
8335,134.0
8336,132.0
8337,132.0
8338,132.0
8339,132.0
8340,133.0
8341,133.0
8342,133.0
8343,133.0
8344,132.0
8345,131.0
8346,132.0
8347,131.0
8348,131.0
8349,131.0
8350,131.0
8351,131.0
8352,131.0
8353,132.0
8354,131.0
8355,132.0
8356,131.0
8357,131.0
8358,130.0
8359,131.0
8360,130.0
8361,130.0
8362,131.0
8363,130.0
8364,131.0
8365,131.0
8366,131.0
8367,131.0
8368,130.0
8369,131.0
8370,131.0
8371,130.0
8372,131.0
8373,131.0
8374,131.0
8375,130.0
8376,130.0
8377,131.0
8378,130.0
8379,130.0
8380,131.0
8381,130.0
8382,131.0
8383,131.0
8384,131.0
8385,131.0
8386,130.0
8387,131.0
8388,131.0
8389,130.0
8390,130.0
8391,130.0
8392,130.0
8393,131.0
8394,130.0
8395,130.0
8396,130.0
8397,130.0
8398,130.0
8399,130.0
8400,131.0
8401,131.0
8402,130.0
8403,130.0
8404,130.0
8405,130.0
8406,130.0
8407,129.0
8408,129.0
8409,130.0
8410,131.0
8411,130.0
8412,129.0
8413,130.0
8414,130.0
8415,129.0
8416,130.0
8417,130.0
8418,130.0
8419,130.0
8420,130.0
8421,130.0
8422,130.0
8423,130.0
8424,131.0
8425,130.0
8426,130.0
8427,130.0
8428,130.0
8429,130.0
8430,130.0
8431,130.0
8432,130.0
8433,130.0
8434,130.0
8435,130.0
8436,131.0
8437,131.0
8438,130.0
8439,130.0
8440,130.0
8441,130.0
8442,130.0
8443,130.0
8444,130.0
8445,130.0
8446,130.0
8447,130.0
8448,130.0
8449,130.0
8450,130.0
8451,130.0
8452,130.0
8453,130.0
8454,130.0
8455,131.0
8456,130.0
8457,130.0
8458,130.0
8459,130.0
8460,130.0
8461,130.0
8462,130.0
8463,130.0
8464,131.0
8465,130.0
8466,130.0
8467,130.0
8468,130.0
8469,129.0
8470,130.0
8471,130.0
8472,130.0
8473,130.0
8474,130.0
8475,130.0
8476,130.0
8477,131.0
8478,130.0
8479,130.0
8480,130.0
8481,131.0
8482,133.0
8483,133.0
8484,134.0
8485,132.0
8486,132.0
8487,133.0
8488,133.0
8489,133.0
8490,132.0
8491,133.0
8492,133.0
8493,132.0
8494,132.0
8495,132.0
8496,132.0
8497,132.0
8498,133.0
8499,132.0
8500,132.0
8501,130.0
8502,130.0
8503,130.0
8504,130.0
8505,130.0
8506,130.0
8507,131.0
8508,130.0
8509,131.0
8510,130.0
8511,131.0
8512,130.0
8513,130.0
8514,130.0
8515,131.0
8516,130.0
8517,130.0
8518,130.0
8519,130.0
8520,130.0
8521,131.0
8522,130.0
8523,131.0
8524,130.0
8525,131.0
8526,130.0
8527,130.0
8528,130.0
8529,130.0
8530,129.0
8531,130.0
8532,130.0
8533,130.0
8534,130.0
8535,130.0
8536,130.0
8537,131.0
8538,131.0
8539,130.0
8540,130.0
8541,130.0
8542,130.0
8543,130.0
8544,130.0
8545,130.0
8546,130.0
8547,130.0
8548,130.0
8549,130.0
8550,130.0
8551,130.0
8552,130.0
8553,130.0
8554,130.0
8555,130.0
8556,130.0
8557,130.0
8558,130.0
8559,130.0
8560,130.0
8561,130.0
8562,130.0
8563,130.0
8564,130.0
8565,130.0
8566,130.0
8567,130.0
8568,130.0
8569,130.0
8570,131.0
8571,130.0
8572,130.0
8573,130.0
8574,130.0
8575,130.0
8576,130.0
8577,130.0
8578,130.0
8579,131.0
8580,130.0
8581,130.0
8582,130.0
8583,130.0
8584,130.0
8585,130.0
8586,131.0
8587,131.0
8588,131.0
8589,131.0
8590,130.0
8591,131.0
8592,130.0
8593,131.0
8594,130.0
8595,131.0
8596,130.0
8597,131.0
8598,130.0
8599,130.0
8600,130.0
8601,129.0
8602,130.0
8603,131.0
8604,130.0
8605,130.0
8606,131.0
8607,130.0
8608,130.0
8609,130.0
8610,130.0
8611,130.0
8612,130.0
8613,131.0
8614,131.0
8615,131.0
8616,130.0
8617,130.0
8618,130.0
8619,131.0
8620,131.0
8621,131.0
8622,130.0
8623,130.0
8624,130.0
8625,130.0
8626,130.0
8627,130.0
8628,130.0
8629,130.0
8630,130.0
8631,130.0
8632,130.0
8633,130.0
8634,130.0
8635,130.0
8636,130.0
8637,131.0
8638,133.0
8639,133.0
8640,132.0
8641,132.0
8642,133.0
8643,133.0
8644,132.0
8645,132.0
8646,131.0
8647,132.0
8648,132.0
8649,132.0
8650,132.0
8651,132.0
8652,132.0
8653,132.0
8654,132.0
8655,132.0
8656,132.0
8657,130.0
8658,130.0
8659,131.0
8660,130.0
8661,131.0
8662,130.0
8663,131.0
8664,131.0
8665,131.0
8666,130.0
8667,131.0
8668,131.0
8669,131.0
8670,130.0
8671,131.0
8672,130.0
8673,131.0
8674,131.0
8675,130.0
8676,131.0
8677,131.0
8678,131.0
8679,130.0
8680,130.0
8681,130.0
8682,131.0
8683,130.0
8684,130.0
8685,130.0
8686,130.0
8687,130.0
8688,130.0
8689,130.0
8690,130.0
8691,130.0
8692,130.0
8693,130.0
8694,130.0
8695,130.0
8696,130.0
8697,130.0
8698,130.0
8699,130.0
8700,130.0
8701,130.0
8702,130.0
8703,130.0
8704,130.0
8705,130.0
8706,130.0
8707,130.0
8708,130.0
8709,130.0
8710,130.0
8711,130.0
8712,130.0
8713,129.0
8714,130.0
8715,130.0
8716,130.0
8717,130.0
8718,130.0
8719,130.0
8720,130.0
8721,130.0
8722,130.0
8723,130.0
8724,130.0
8725,129.0
8726,130.0
8727,130.0
8728,130.0
8729,131.0
8730,130.0
8731,131.0
8732,131.0
8733,130.0
8734,130.0
8735,130.0
8736,131.0
8737,132.0
8738,131.0
8739,131.0
8740,131.0
8741,132.0
8742,131.0
8743,132.0
8744,131.0
8745,131.0
8746,131.0
8747,131.0
8748,131.0
8749,131.0
8750,131.0
8751,131.0
8752,131.0
8753,131.0
8754,131.0
8755,130.0
8756,131.0
8757,131.0
8758,131.0
8759,131.0
8760,131.0
8761,131.0
8762,131.0
8763,131.0
8764,131.0
8765,131.0
8766,131.0
8767,131.0
8768,131.0
8769,131.0
8770,131.0
8771,131.0
8772,131.0
8773,164.0
8774,204.0
8775,214.0
8776,188.0
8777,176.0
8778,161.0
8779,154.0
8780,157.0
8781,148.0
8782,150.0
8783,150.0
8784,152.0
8785,160.0
8786,164.0
8787,132.0
8788,154.0
8789,152.0
8790,157.0
8791,158.0
8792,144.0
8793,131.0
8794,134.0
8795,
8796,
8797,
8798,
8799,
8800,
8801,
8802,
8803,
8804,
8805,
8806,
8807,
8808,
8809,
8810,
8811,
8812,
8813,
8814,
8815,
8816,
8817,
8818,
8819,
8820,
8821,
8822,
8823,
8824,
8825,
8826,
8827,
8828,
8829,
8830,
8831,
8832,
8833,
8834,
8835,
8836,
8837,
8838,
8839,
8840,
8841,
8842,
8843,
8844,
8845,
8846,
8847,
8848,
8849,
8850,
8851,
8852,
8853,
8854,
8855,
8856,
8857,
8858,
8859,
8860,
8861,
8862,
8863,
8864,
8865,
8866,
8867,
8868,
8869,
8870,
8871,
8872,
8873,
8874,
8875,
8876,
8877,
8878,
8879,
8880,
8881,
8882,
8883,
8884,
8885,
8886,
8887,
8888,
8889,
8890,
8891,
8892,
8893,
8894,
8895,
8896,
8897,
8898,
8899,
8900,
8901,
8902,
8903,
8904,
8905,
8906,
8907,
8908,
8909,
8910,
8911,
8912,132.0
8913,134.0
8914,133.0
8915,135.0
8916,133.0
8917,134.0
8918,134.0
8919,133.0
8920,135.0
8921,134.0
8922,133.0
8923,135.0
8924,134.0
8925,134.0
8926,134.0
8927,133.0
8928,133.0
8929,132.0
8930,132.0
8931,133.0
8932,133.0
8933,133.0
8934,133.0
8935,132.0
8936,132.0
8937,132.0
8938,132.0
8939,132.0
8940,132.0
8941,132.0
8942,132.0
8943,132.0
8944,132.0
8945,133.0
8946,132.0
8947,132.0
8948,132.0
8949,132.0
8950,132.0
8951,132.0
8952,132.0
8953,132.0
8954,132.0
8955,132.0
8956,132.0
8957,132.0
8958,132.0
8959,132.0
8960,132.0
8961,130.0
8962,129.0
8963,129.0
8964,130.0
8965,129.0
8966,129.0
8967,130.0
8968,130.0
8969,130.0
8970,130.0
8971,130.0
8972,130.0
8973,130.0
8974,130.0
8975,130.0
8976,130.0
8977,130.0
8978,131.0
8979,142.0
8980,139.0
8981,140.0
8982,139.0
8983,139.0
8984,140.0
8985,139.0
8986,140.0
8987,139.0
8988,139.0
8989,139.0
8990,140.0
8991,141.0
8992,139.0
8993,139.0
8994,140.0
8995,139.0
8996,140.0
8997,139.0
8998,139.0
8999,140.0
9000,139.0
9001,139.0
9002,139.0
9003,139.0
9004,139.0
9005,140.0
9006,140.0
9007,139.0
9008,139.0
9009,139.0
9010,140.0
9011,139.0
9012,139.0
9013,140.0
9014,139.0
9015,139.0
9016,139.0
9017,140.0
9018,139.0
9019,139.0
9020,139.0
9021,140.0
9022,139.0
9023,139.0
9024,140.0
9025,140.0
9026,140.0
9027,140.0
9028,144.0
9029,144.0
9030,141.0
9031,140.0
9032,140.0
9033,140.0
9034,140.0
9035,140.0
9036,140.0
9037,140.0
9038,140.0
9039,140.0
9040,140.0
9041,140.0
9042,140.0
9043,140.0
9044,140.0
9045,141.0
9046,141.0
9047,141.0
9048,140.0
9049,140.0
9050,140.0
9051,140.0
9052,140.0
9053,140.0
9054,140.0
9055,140.0
9056,140.0
9057,
9058,
9059,
9060,
9061,
9062,
9063,
9064,
9065,
9066,
9067,
9068,
9069,
9070,
9071,
9072,
9073,
9074,
9075,
9076,
9077,
9078,
9079,
9080,
9081,
9082,422.0
9083,419.0
9084,419.0
9085,419.0
9086,420.0
9087,419.0
9088,419.0
9089,419.0
9090,418.0
9091,418.0
9092,420.0
9093,416.0
9094,418.0
9095,416.0
9096,417.0
9097,417.0
9098,418.0
9099,417.0
9100,417.0
9101,415.0
9102,416.0
9103,413.0
9104,415.0
9105,413.0
9106,414.0
9107,414.0
9108,415.0
9109,413.0
9110,414.0
9111,413.0
9112,415.0
9113,413.0
9114,413.0
9115,413.0
9116,414.0
9117,413.0
9118,413.0
9119,414.0
9120,414.0
9121,413.0
9122,414.0
9123,414.0
9124,414.0
9125,413.0
9126,415.0
9127,413.0
9128,413.0
9129,413.0
9130,414.0
9131,414.0
9132,414.0
9133,414.0
9134,415.0
9135,414.0
9136,415.0
9137,414.0
9138,413.0
9139,414.0
9140,414.0
9141,413.0
9142,415.0
9143,414.0
9144,414.0
9145,414.0
9146,413.0
9147,413.0
9148,413.0
9149,414.0
9150,413.0
9151,413.0
9152,413.0
9153,414.0
9154,413.0
9155,414.0
9156,414.0
9157,413.0
9158,413.0
9159,413.0
9160,413.0
9161,413.0
9162,413.0
9163,413.0
9164,414.0
9165,415.0
9166,414.0
9167,414.0
9168,415.0
9169,416.0
9170,415.0
9171,416.0
9172,416.0
9173,416.0
9174,415.0
9175,416.0
9176,415.0
9177,415.0
9178,415.0
9179,415.0
9180,414.0
9181,415.0
9182,414.0
9183,415.0
9184,415.0
9185,417.0
9186,414.0
9187,415.0
9188,414.0
9189,415.0
9190,415.0
9191,414.0
9192,414.0
9193,415.0
9194,415.0
9195,415.0
9196,414.0
9197,415.0
9198,414.0
9199,415.0
9200,415.0
9201,415.0
9202,414.0
9203,415.0
9204,415.0
9205,415.0
9206,415.0
9207,415.0
9208,414.0
9209,415.0
9210,415.0
9211,414.0
9212,414.0
9213,415.0
9214,414.0
9215,415.0
9216,414.0
9217,414.0
9218,414.0
9219,416.0
9220,415.0
9221,416.0
9222,414.0
9223,415.0
9224,414.0
9225,415.0
9226,414.0
9227,416.0
9228,414.0
9229,415.0
9230,416.0
9231,418.0
9232,416.0
9233,417.0
9234,416.0
9235,418.0
9236,416.0
9237,416.0
9238,417.0
9239,418.0
9240,416.0
9241,417.0
9242,417.0
9243,416.0
9244,417.0
9245,417.0
9246,416.0
9247,416.0
9248,414.0
9249,414.0
9250,412.0
9251,414.0
9252,412.0
9253,412.0
9254,413.0
9255,414.0
9256,412.0
9257,412.0
9258,411.0
9259,412.0
9260,411.0
9261,411.0
9262,412.0
9263,412.0
9264,412.0
9265,412.0
9266,411.0
9267,412.0
9268,411.0
9269,412.0
9270,411.0
9271,412.0
9272,411.0
9273,411.0
9274,412.0
9275,413.0
9276,412.0
9277,413.0
9278,412.0
9279,412.0
9280,411.0
9281,411.0
9282,412.0
9283,412.0
9284,411.0
9285,412.0
9286,412.0
9287,412.0
9288,411.0
9289,411.0
9290,410.0
9291,411.0
9292,410.0
9293,412.0
9294,411.0
9295,413.0
9296,412.0
9297,412.0
9298,411.0
9299,412.0
9300,411.0
9301,412.0
9302,412.0
9303,412.0
9304,411.0
9305,413.0
9306,412.0
9307,414.0
9308,413.0
9309,413.0
9310,412.0
9311,412.0
9312,412.0
9313,413.0
9314,413.0
9315,415.0
9316,414.0
9317,414.0
9318,414.0
9319,413.0
9320,413.0
9321,414.0
9322,413.0
9323,414.0
9324,414.0
9325,414.0
9326,414.0
9327,413.0
9328,413.0
9329,414.0
9330,414.0
9331,413.0
9332,414.0
9333,414.0
9334,413.0
9335,414.0
9336,416.0
9337,415.0
9338,414.0
9339,414.0
9340,414.0
9341,415.0
9342,414.0
9343,415.0
9344,414.0
9345,415.0
9346,413.0
9347,415.0
9348,414.0
9349,415.0
9350,415.0
9351,415.0
9352,415.0
9353,415.0
9354,414.0
9355,417.0
9356,414.0
9357,414.0
9358,414.0
9359,415.0
9360,415.0
9361,415.0
9362,415.0
9363,417.0
9364,415.0
9365,417.0
9366,414.0
9367,415.0
9368,415.0
9369,416.0
9370,416.0
9371,416.0
9372,414.0
9373,414.0
9374,415.0
9375,415.0
9376,415.0
9377,414.0
9378,414.0
9379,414.0
9380,415.0
9381,414.0
9382,414.0
9383,414.0
9384,415.0
9385,414.0
9386,416.0
9387,417.0
9388,416.0
9389,416.0
9390,417.0
9391,415.0
9392,415.0
9393,414.0
9394,415.0
9395,416.0
9396,415.0
9397,415.0
9398,415.0
9399,415.0
9400,414.0
9401,415.0
9402,414.0
9403,416.0
9404,413.0
9405,413.0
9406,413.0
9407,413.0
9408,413.0
9409,413.0
9410,412.0
9411,413.0
9412,412.0
9413,412.0
9414,412.0
9415,412.0
9416,411.0
9417,413.0
9418,412.0
9419,413.0
9420,412.0
9421,413.0
9422,411.0
9423,413.0
9424,411.0
9425,412.0
9426,412.0
9427,412.0
9428,411.0
9429,412.0
9430,411.0
9431,411.0
9432,412.0
9433,412.0
9434,412.0
9435,412.0
9436,412.0
9437,412.0
9438,412.0
9439,412.0
9440,411.0
9441,412.0
9442,412.0
9443,412.0
9444,412.0
9445,414.0
9446,411.0
9447,412.0
9448,412.0
9449,413.0
9450,411.0
9451,412.0
9452,412.0
9453,412.0
9454,412.0
9455,413.0
9456,412.0
9457,413.0
9458,416.0
9459,413.0
9460,413.0
9461,414.0
9462,415.0
9463,417.0
9464,412.0
9465,414.0
9466,412.0
9467,413.0
9468,413.0
9469,413.0
9470,413.0
9471,413.0
9472,412.0
9473,413.0
9474,412.0
9475,412.0
9476,412.0
9477,413.0
9478,414.0
9479,412.0
9480,412.0
9481,413.0
9482,412.0
9483,414.0
9484,412.0
9485,413.0
9486,412.0
9487,413.0
9488,412.0
9489,412.0
9490,412.0
9491,413.0
9492,412.0
9493,413.0
9494,412.0
9495,412.0
9496,411.0
9497,413.0
9498,411.0
9499,413.0
9500,412.0
9501,412.0
9502,412.0
9503,412.0
9504,412.0
9505,413.0
9506,412.0
9507,415.0
9508,413.0
9509,414.0
9510,414.0
9511,414.0
9512,414.0
9513,414.0
9514,414.0
9515,414.0
9516,414.0
9517,415.0
9518,415.0
9519,415.0
9520,415.0
9521,414.0
9522,414.0
9523,415.0
9524,412.0
9525,414.0
9526,414.0
9527,414.0
9528,413.0
9529,415.0
9530,412.0
9531,414.0
9532,413.0
9533,415.0
9534,414.0
9535,413.0
9536,413.0
9537,413.0
9538,411.0
9539,413.0
9540,412.0
9541,411.0
9542,416.0
9543,417.0
9544,416.0
9545,417.0
9546,416.0
9547,415.0
9548,416.0
9549,416.0
9550,417.0
9551,417.0
9552,417.0
9553,417.0
9554,417.0
9555,417.0
9556,417.0
9557,416.0
9558,416.0
9559,417.0
9560,417.0
9561,415.0
9562,415.0
9563,415.0
9564,416.0
9565,415.0
9566,416.0
9567,415.0
9568,414.0
9569,414.0
9570,414.0
9571,415.0
9572,414.0
9573,415.0
9574,416.0
9575,415.0
9576,416.0
9577,415.0
9578,417.0
9579,416.0
9580,416.0
9581,415.0
9582,416.0
9583,416.0
9584,416.0
9585,415.0
9586,415.0
9587,417.0
9588,416.0
9589,416.0
9590,415.0
9591,417.0
9592,416.0
9593,415.0
9594,416.0
9595,416.0
9596,416.0
9597,415.0
9598,416.0
9599,415.0
9600,416.0
9601,415.0
9602,416.0
9603,423.0
9604,416.0
9605,417.0
9606,416.0
9607,415.0
9608,415.0
9609,415.0
9610,415.0
9611,414.0
9612,415.0
9613,415.0
9614,417.0
9615,414.0
9616,415.0
9617,414.0
9618,416.0
9619,414.0
9620,415.0
9621,414.0
9622,415.0
9623,414.0
9624,415.0
9625,414.0
9626,415.0
9627,415.0
9628,415.0
9629,415.0
9630,414.0
9631,418.0
9632,414.0
9633,415.0
9634,414.0
9635,413.0
9636,415.0
9637,414.0
9638,414.0
9639,415.0
9640,416.0
9641,414.0
9642,414.0
9643,414.0
9644,414.0
9645,414.0
9646,415.0
9647,414.0
9648,415.0
9649,414.0
9650,416.0
9651,416.0
9652,417.0
9653,415.0
9654,417.0
9655,416.0
9656,416.0
9657,416.0
9658,417.0
9659,416.0
9660,417.0
9661,415.0
9662,417.0
9663,416.0
9664,415.0
9665,416.0
9666,416.0
9667,417.0
9668,415.0
9669,416.0
9670,416.0
9671,415.0
9672,416.0
9673,416.0
9674,416.0
9675,415.0
9676,417.0
9677,415.0
9678,416.0
9679,414.0
9680,415.0
9681,414.0
9682,415.0
9683,413.0
9684,414.0
9685,413.0
9686,415.0
9687,414.0
9688,414.0
9689,413.0
9690,414.0
9691,414.0
9692,414.0
9693,414.0
9694,414.0
9695,414.0
9696,414.0
9697,413.0
9698,416.0
9699,416.0
9700,416.0
9701,415.0
9702,417.0
9703,416.0
9704,416.0
9705,416.0
9706,417.0
9707,417.0
9708,416.0
9709,416.0
9710,416.0
9711,416.0
9712,417.0
9713,417.0
9714,417.0
9715,418.0
9716,416.0
9717,415.0
9718,415.0
9719,414.0
9720,417.0
9721,414.0
9722,415.0
9723,414.0
9724,414.0
9725,413.0
9726,415.0
9727,413.0
9728,414.0
9729,414.0
9730,415.0
9731,414.0
9732,415.0
9733,415.0
9734,415.0
9735,415.0
9736,415.0
9737,413.0
9738,415.0
9739,415.0
9740,416.0
9741,415.0
9742,415.0
9743,416.0
9744,418.0
9745,417.0
9746,418.0
9747,415.0
9748,417.0
9749,416.0
9750,417.0
9751,417.0
9752,417.0
9753,416.0
9754,417.0
9755,417.0
9756,417.0
9757,417.0
9758,417.0
9759,416.0
9760,417.0
9761,417.0
9762,418.0
9763,417.0
9764,417.0
9765,416.0
9766,418.0
9767,416.0
9768,419.0
9769,417.0
9770,418.0
9771,418.0
9772,417.0
9773,416.0
9774,418.0
9775,417.0
9776,417.0
9777,417.0
9778,418.0
9779,417.0
9780,418.0
9781,417.0
9782,417.0
9783,415.0
9784,418.0
9785,417.0
9786,417.0
9787,417.0
9788,416.0
9789,418.0
9790,416.0
9791,417.0
9792,417.0
9793,417.0
9794,419.0
9795,417.0
9796,419.0
9797,418.0
9798,418.0
9799,416.0
9800,417.0
9801,417.0
9802,419.0
9803,417.0
9804,417.0
9805,418.0
9806,418.0
9807,418.0
9808,417.0
9809,416.0
9810,416.0
9811,417.0
9812,415.0
9813,416.0
9814,416.0
9815,417.0
9816,417.0
9817,417.0
9818,416.0
9819,417.0
9820,418.0
9821,417.0
9822,417.0
9823,415.0
9824,414.0
9825,414.0
9826,414.0
9827,413.0
9828,416.0
9829,415.0
9830,416.0
9831,415.0
9832,415.0
9833,414.0
9834,416.0
9835,417.0
9836,418.0
9837,417.0
9838,414.0
9839,414.0
9840,414.0
9841,413.0
9842,414.0
9843,415.0
9844,415.0
9845,414.0
9846,414.0
9847,414.0
9848,414.0
9849,414.0
9850,414.0
9851,413.0
9852,415.0
9853,414.0
9854,415.0
9855,417.0
9856,416.0
9857,415.0
9858,418.0
9859,416.0
9860,416.0
9861,416.0
9862,417.0
9863,418.0
9864,416.0
9865,416.0
9866,418.0
9867,416.0
9868,416.0
9869,418.0
9870,417.0
9871,417.0
9872,417.0
9873,415.0
9874,415.0
9875,415.0
9876,414.0
9877,415.0
9878,416.0
9879,415.0
9880,415.0
9881,414.0
9882,415.0
9883,414.0
9884,415.0
9885,414.0
9886,416.0
9887,415.0
9888,416.0
9889,416.0
9890,417.0
9891,417.0
9892,418.0
9893,417.0
9894,417.0
9895,416.0
9896,416.0
9897,415.0
9898,417.0
9899,417.0
9900,417.0
9901,417.0
9902,418.0
9903,416.0
9904,417.0
9905,416.0
9906,417.0
9907,416.0
9908,417.0
9909,416.0
9910,417.0
9911,416.0
9912,417.0
9913,416.0
9914,416.0
9915,416.0
9916,418.0
9917,416.0
9918,417.0
9919,417.0
9920,417.0
9921,416.0
9922,417.0
9923,416.0
9924,416.0
9925,416.0
9926,417.0
9927,416.0
9928,417.0
9929,417.0
9930,417.0
9931,417.0
9932,417.0
9933,417.0
9934,417.0
9935,417.0
9936,418.0
9937,416.0
9938,418.0
9939,418.0
9940,419.0
9941,418.0
9942,417.0
9943,416.0
9944,416.0
9945,417.0
9946,418.0
9947,417.0
9948,417.0
9949,418.0
9950,417.0
9951,418.0
9952,419.0
9953,417.0
9954,416.0
9955,418.0
9956,417.0
9957,416.0
9958,418.0
9959,416.0
9960,417.0
9961,417.0
9962,417.0
9963,417.0
9964,417.0
9965,417.0
9966,418.0
9967,416.0
9968,417.0
9969,415.0
9970,415.0
9971,415.0
9972,416.0
9973,415.0
9974,415.0
9975,415.0
9976,415.0
9977,414.0
9978,416.0
9979,414.0
9980,414.0
9981,414.0
9982,414.0
9983,415.0
9984,415.0
9985,414.0
9986,415.0
9987,414.0
9988,414.0
9989,415.0
9990,415.0
9991,414.0
9992,414.0
9993,416.0
9994,415.0
9995,415.0
9996,414.0
9997,415.0
9998,415.0
9999,415.0
10000,415.0
10001,415.0
10002,415.0
10003,415.0
10004,414.0
10005,414.0
10006,414.0
10007,416.0
10008,415.0
10009,415.0
10010,416.0
10011,418.0
10012,416.0
10013,417.0
10014,416.0
10015,416.0
10016,417.0
10017,417.0
10018,416.0
10019,419.0
10020,417.0
10021,418.0
10022,417.0
10023,418.0
10024,416.0
10025,418.0
10026,417.0
10027,418.0
10028,418.0
10029,417.0
10030,417.0
10031,418.0
10032,417.0
10033,418.0
10034,418.0
10035,418.0
10036,417.0
10037,417.0
10038,417.0
10039,417.0
10040,417.0
10041,417.0
10042,416.0
10043,417.0
10044,415.0
10045,416.0
10046,416.0
10047,416.0
10048,415.0
10049,418.0
10050,416.0
10051,417.0
10052,416.0
10053,417.0
10054,417.0
10055,416.0
10056,417.0
10057,416.0
10058,416.0
10059,417.0
10060,416.0
10061,417.0
10062,416.0
10063,417.0
10064,415.0
10065,416.0
10066,416.0
10067,417.0
10068,415.0
10069,416.0
10070,417.0
10071,417.0
10072,416.0
10073,416.0
10074,416.0
10075,417.0
10076,416.0
10077,418.0
10078,416.0
10079,417.0
10080,415.0
10081,416.0
10082,417.0
10083,417.0
10084,417.0
10085,417.0
10086,416.0
10087,417.0
10088,416.0
10089,416.0
10090,417.0
